45,40,0028,0000,4000,40,06,cc80,82d0f6b1,c2b431d9,1efedf3800000000d929918d50140000d8d20000, 7011
45,00,0054,77a6,0000,40,11,876f,82d0f6b1,01010101,cf15003500407bd5262b0100000100000000000103323137023439033138300331393407696e2d61646472046172706100000c000100002905c0000000000000, 7011
00,01,0800,0604,0002,bc,24,1133,d7f782d0,f6b1d401,c34c17fc82d0f6a1, 7011
45,00,0028,0000,4000,40,06,57d3,82d0f6b1,33443637,22b882120000000067e17af75014000045300000, 7011
45,00,0051,d16b,0000,40,11,2dad,82d0f6b1,01010101,b93f0035003d7bd227d90100000100000000000102353502353402363802353107696e2d61646472046172706100000c000100002905c0000000000000, 7011
00,01,0800,0604,0001,bc,24,1133,d7f782d0,f6b10000,0000000082d0f6a1, 7011
45,00,004a,c254,0000,ff,11,9ed0,82d0f6b1,e00000fb,14e914e900365ac50000000000010000000000000331363103323436033230380331333007696e2d61646472046172706100000c0001, 7011
45,00,0040,c5c7,4000,01,06,c0fc,82d0f6b1,82d0f6a1,847414eb35b945d700000000b002faf0f3260000020405b40402080a7699a786000000000103030822020101, 7011
45,00,004a,c274,0000,ff,11,9eb0,82d0f6b1,e00000fb,14e914e900365ac50000000000010000000000000331363103323436033230380331333007696e2d61646472046172706100000c0001, 7011
45,00,004a,ca4c,0000,ff,11,96d8,82d0f6b1,e00000fb,14e914e900365ac50000000000010000000000000331363103323436033230380331333007696e2d61646472046172706100000c0001, 7011
45,00,0051,a422,0000,40,11,5af6,82d0f6b1,01010101,e5bc0035003d7bd241d60100000100000000000103323531013001300332323407696e2d61646472046172706100000c000100002905c0000000000000, 7011
00,01,0800,0604,0002,bc,24,1133,d7f782d0,f6b1d401,c34c17fc82d0f6a1, 7011
45,00,0028,0000,4000,40,06,abad,82d0f6b1,c4fb50a5,1f40d16000000000a68f6fe85014000019950000, 7011
45,00,0054,3c5f,0000,40,11,c2b6,82d0f6b1,01010101,9941003500407bd535c20100000100000000000103313635023830033235310331393607696e2d61646472046172706100000c000100002905c0000000000000, 7011
45,40,0028,0000,4000,40,06,cc81,82d0f6b1,c2b431d8,0f2adde60000000076c51a1250140000c3d90000, 7011
45,00,0028,0000,4000,40,06,fde5,82d0f6b1,cf5af40d,08da6658000000007135d36850140000bf150000, 7011
45,00,004c,0f39,4000,40,11,387a,82d0f6ab,82d0f6a1,bb76007b0038f33723000820000000000000000000000000000000000000000000000000000000000000000000000000a22415501df45044, 7016
00,01,0800,0604,0002,bc,24,1156,421682d0,f6abd401,c34c17fc82d0f6a1, 7016
00,01,0800,0604,0001,bc,24,1156,421682d0,f6ab0000,0000000082d0f6a1, 7016
45,00,0028,0000,4000,40,06,9f5e,82d0f6ab,5c3fc5b6,19e2ba4e000000007d46f37050140000cf760000, 7016
45,00,0053,0aed,0000,40,11,e621,82d0f6ab,08080808,e4b30035003f89dc95c401000001000000000001033138320331393702363302393207696e2d61646472046172706100000c000100002905c0000000000000, 7016
45,00,004d,98ef,0000,40,11,5825,82d0f6ab,08080808,e5c80035003989d6b5ff01000001000000000001013801380138013807696e2d61646472046172706100000c000100002905c0000000000000, 7016
45,c0,0044,7256,0000,40,01,f222,82d0f6ab,b9f2e211,030d128e0000000045000028d4310000f206df1db9f2e21182d0f6aba15a001a5f20604c000000005002ffff39810000, 7016
45,d0,0048,44ea,0000,40,01,68cd,82d0f6ab,a5e3acce,030dc93f000000004510002c5e0000006f06218ea5e3acce82d0f6ab43a101d1ac6a90ff0000000060022dba1b620000020405b4, 7016
45,00,0054,7abd,0000,40,11,7650,82d0f6ab,08080808,c1640035004089dd3dba0100000100000000000102313703323236033234320331383507696e2d61646472046172706100000c000100002905c0000000000000, 7016
45,00,0055,0b73,0000,40,11,e599,82d0f6ab,08080808,ebb80035004189de7e46010000010000000000010332303603313732033232370331363507696e2d61646472046172706100000c000100002905c0000000000000, 7016
45,00,0028,0000,4000,40,06,8f64,82d0f6ab,a75e8a91,080478eb00000000ce5c44ae50140000706a0000, 7016
45,00,0054,33e4,0000,40,11,bd29,82d0f6ab,08080808,d22b0035004089dd10540100000100000000000103313435033133380239340331363707696e2d61646472046172706100000c000100002905c0000000000000, 7016
45,00,0028,0000,4000,40,06,3c4c,82d0f6ab,93b6f151,217f2083000000001318154a5014000046e80000, 7016
45,00,0054,a504,0000,40,11,4c09,82d0f6ab,08080808,851b0035004089dd4bae0100000100000000000102383103323431033138320331343707696e2d61646472046172706100000c000100002905c0000000000000, 7016
45,00,0028,0000,4000,40,06,a4a9,82d0f6ab,c4fb57af,001698d8000000000285100d501400006e290000, 7016
45,40,0028,0000,4000,40,06,cc87,82d0f6ab,c2b431d8,0df7dde6000000005fe426ef50140000cf160000, 7016
45,00,0054,423c,0000,40,11,aed1,82d0f6ab,08080808,e3f60035004089dd0cd90100000100000000000103313735023837033235310331393607696e2d61646472046172706100000c000100002905c0000000000000, 7016
45,00,0054,1a1f,0000,40,11,d6ee,82d0f6ab,08080808,94160035004089dd433b0100000100000000000103323136023439033138300331393407696e2d61646472046172706100000c000100002905c0000000000000, 7016
00,01,0800,0604,0002,bc,24,1156,421682d0,f6abd401,c34c17fc82d0f6a1, 7016
00,01,0800,0604,0001,bc,24,1156,421682d0,f6ab0000,0000000082d0f6a1, 7016
45,60,0028,0000,4000,40,06,883a,82d0f6ab,a2d895e1,2619da1d00000000def8c4c95014000059a10000, 7016
45,00,0055,731e,0000,40,11,7dee,82d0f6ab,08080808,e53e0035004189dea248010000010000000000010332323503313439033231360331363207696e2d61646472046172706100000c000100002905c0000000000000, 7016
45,c0,0048,b114,0000,40,01,0fdc,82d0f6ab,c1a37de5,030db616000000004500002cf4350000f2061b91c1a37de582d0f6abc74900666d9e556600000000600239081b650000020405b4, 7016
45,00,0055,466d,0000,40,11,aa9f,82d0f6ab,08080808,ca150035004189dea7a3010000010000000000010332323903313235033136330331393307696e2d61646472046172706100000c000100002905c0000000000000, 7016
45,10,0028,0000,4000,40,06,ad33,82d0f6ab,a5e36e2d,217d6658000000002a27b8d550140000b7710000, 7016
45,00,0054,89a3,0000,40,11,676a,82d0f6ab,08080808,ce050035004089ddbe7c0100000100000000000102343503313130033232370331363507696e2d61646472046172706100000c000100002905c0000000000000, 7016
45,00,0028,0000,4000,40,06,0b02,82d0f6ab,12bea394,2378b009000000005e22d64d5014000078100000, 7016
45,00,0054,163b,0000,40,11,dad2,82d0f6ab,08080808,e0af0035004089dde2dd0100000100000000000103313438033136330331393002313807696e2d61646472046172706100000c000100002905c0000000000000, 7016
45,00,0028,0000,4000,40,06,ca51,82d0f6ab,23cbd337,247ec99100000000e7f80ac0501400005e890000, 7016
45,40,0028,0000,4000,40,06,cc87,82d0f6ab,c2b431d8,077cdde6000000009064645c5014000067a40000, 7016
45,00,0053,3bd6,0000,40,11,b538,82d0f6ab,08080808,e6a60035003f89dc7b8b01000001000000000001023535033231310332303302333507696e2d61646472046172706100000c000100002905c0000000000000, 7016
00,01,0800,0604,0002,bc,24,1156,421682d0,f6abd401,c34c17fc82d0f6a1, 7016
45,00,0028,0000,4000,40,06,1277,82d0f6ab,340e7acf,1f4f8e2c0000000057c84724501400003b0f0000, 7016
45,00,0053,94f5,0000,40,11,5c19,82d0f6ab,08080808,8de30035003f89dccc9401000001000000000001033230370331323202313402353207696e2d61646472046172706100000c000100002905c0000000000000, 7016
45,c0,0050,dbe5,0000,40,01,bb04,82d0f6ab,33443643,030de01c0000000045000034b3ea00002f06f4d63344364382d0f6ab91e403e1feee4533000000008002ffffb2250000020405b40103030801010402, 7016
00,01,0800,0604,0001,bc,24,1156,421682d0,f6ab0000,0000000082d0f6a1, 7016
45,00,0051,bd52,0000,40,11,33be,82d0f6ab,08080808,8e8a0035003d89da23f40100000100000000000102363702353402363802353107696e2d61646472046172706100000c000100002905c0000000000000, 7016
45,00,004a,499b,0000,40,11,a77c,82d0f6ab,08080808,d3430035003689d31ab5010000010000000000010d6665646f726170726f6a656374036f726700001c000100002905c0000000000000, 7016
00,01,0800,0604,0002,bc,24,1156,421682d0,f6abd401,c34c17fc82d0f6a1, 7016
45,00,0028,0000,4000,40,06,f6fd,82d0f6ab,b2161840,1cabc35e000000004db2d9db5014000064660000, 7016
45,00,0052,7bac,0000,40,11,7563,82d0f6ab,08080808,80430035003e89db24ed010000010000000000010236340232340232320331373807696e2d61646472046172706100000c000100002905c0000000000000, 7016
45,00,0028,0000,4000,40,06,a172,82d0f6ab,a28e7d53,1b5849e5000000009e73e5eb501400002cd60000, 7016
45,00,0054,9f94,0000,40,11,5179,82d0f6ab,08080808,e96e0035004089dd3b9d0100000100000000000102383303313235033134320331363207696e2d61646472046172706100000c000100002905c0000000000000, 7016
45,00,0028,0000,4000,40,06,a13e,82d0f6ab,a28e7d87,0ce3b5e500000000f6b2eb3750140000718b0000, 7016
45,00,0055,9fc9,0000,40,11,5143,82d0f6ab,08080808,a0330035004189de0117010000010000000000010331333503313235033134320331363207696e2d61646472046172706100000c000100002905c0000000000000, 7016
45,40,0028,0000,4000,40,06,cc87,82d0f6ab,c2b431d8,0c98dde60000000008c22b2b50140000235c0000, 7016
45,c0,0050,30ff,0000,40,01,21eb,82d0f6ab,14629925,030d241d0000000045000034d5cd0000270696f31462992582d0f6aba6b6027c467ea25e000000008002ffffb6110000020405a00103030801010402, 7016
45,00,0052,1853,0000,40,11,d8bc,82d0f6ab,08080808,8eff0035003e89db671f010000010000000000010233370331353302393802323007696e2d61646472046172706100000c000100002905c0000000000000, 7016
45,00,0028,0000,4000,40,06,9f5e,82d0f6ab,5c3fc5b6,19e4ba4e00000000189f96b95014000090d30000, 7016
00,01,0800,0604,0002,bc,24,1156,421682d0,f6abd401,c34c17fc82d0f6a1, 7016
00,01,0800,0604,0001,bc,24,1156,421682d0,f6ab0000,0000000082d0f6a1, 7016
45,00,0028,0000,4000,40,06,abbf,82d0f6ab,c4fb5099,08aeed9900000000b31cab2c50140000cc2e0000, 7016
45,00,0054,c6db,0000,40,11,2a32,82d0f6ab,08080808,b2b50035004089ddca640100000100000000000103313533023830033235310331393607696e2d61646472046172706100000c000100002905c0000000000000, 7016
00,01,0800,0604,0002,bc,24,1156,421682d0,f6abd401,c34c17fc82d0f6a1, 7016
45,c0,0058,5b24,0000,40,01,a8f1,82d0f6ab,dde91e6a,030d72f1000000004500003c612c40002e0675c0dde91e6a82d0f6abecca0017eba7f6b200000000a0027170f6550000020405140402080a0431979e0000000001030305, 7016
45,00,0054,8a18,0000,40,11,66f5,82d0f6ab,08080808,9f2f0035004089ddd7d30100000100000000000103313036023330033233330332323107696e2d61646472046172706100000c000100002905c0000000000000, 7016
45,00,0028,0000,4000,40,06,aa00,82d0f6ab,a45c72f7,23376658000000007cefa9bb501400006ec60000, 7016
45,60,0028,0000,4000,40,06,a892,82d0f6ab,93b984a8,1f98debb00000000cca73f645014000013930000, 7016
45,00,0054,146f,0000,40,11,dc9e,82d0f6ab,08080808,94d30035004089dd6bd80100000100000000000103323437033131340239320331363407696e2d61646472046172706100000c000100002905c0000000000000, 7016
45,00,0055,1ee2,0000,40,11,d22a,82d0f6ab,08080808,a27d0035004189def167010000010000000000010331363803313332033138350331343707696e2d61646472046172706100000c000100002905c0000000000000, 7016
45,40,0028,0000,4000,40,06,cc87,82d0f6ab,c2b431d8,17ebdde600000000daa2ab0050140000c6520000, 7016
45,00,004a,3929,0000,40,11,b7ee,82d0f6ab,08080808,c87b0035003689d383d8010000010000000000010d6665646f726170726f6a656374036f7267000001000100002905c0000000000000, 7016
45,00,003c,0b22,4000,40,06,6f79,82d0f6ab,26912014,b9de00505cf372b700000000a002faf0c04f0000020405b40402080a5dba7e920000000001030308, 7016
45,00,0034,0b23,4000,40,06,6f80,82d0f6ab,26912014,b9de00505cf372b8678a7b82801000fbc04700000101080a5dba7f0d726e1171, 7016
45,00,0091,0b24,4000,40,06,6f22,82d0f6ab,26912014,b9de00505cf372b8678a7b82801800fbc0a400000101080a5dba7f0d726e1171474554202f7374617469632f686f7473706f742e74787420485454502f312e310d0a486f73743a206665646f726170726f6a6563742e6f72670d0a4163636570743a202a2f2a0d0a436f6e6e656374696f6e3a20636c6f73650d0a0d0a, 7016
45,00,0052,40f0,0000,40,11,b01f,82d0f6ab,08080808,ed940035003e89dba90e010000010000000000010232300233320331343502333807696e2d61646472046172706100000c000100002905c0000000000000, 7016
45,00,0034,0b25,4000,40,06,6f7e,82d0f6ab,26912014,b9de00505cf37315678a7d24801000fbc04700000101080a5dba7f89726e11ee, 7016
45,00,0034,0b26,4000,40,06,6f7d,82d0f6ab,26912014,b9de00505cf37315678a7d24801100fbc04700000101080a5dba7f89726e11ee, 7016
45,00,0034,0b27,4000,40,06,6f7c,82d0f6ab,26912014,b9de00505cf37316678a7d25801000fbc04700000101080a5dba7f89726e11ee, 7016
45,c0,0048,04ee,0000,40,01,1bdf,82d0f6ab,c6eb18c1,030d563a000000004500002cf0380000f3067e6ac6eb18c182d0f6abcbfa006f031f06fc000000006002040064790000020405b4, 7016
45,00,0054,6f45,0000,40,11,81c8,82d0f6ab,08080808,e1a40035004089dd6e130100000100000000000103313933023234033233350331393807696e2d61646472046172706100000c000100002905c0000000000000, 7016
00,01,0800,0604,0002,bc,24,1156,421682d0,f6abd401,c34c17fc82d0f6a1, 7016
45,00,0028,0000,4000,40,06,1bf0,82d0f6ab,5b8649de,0c98b8a4000000005b825f9a5014000010970000, 7016
45,00,0053,c4e9,0000,40,11,2c25,82d0f6ab,08080808,d62f0035003f89dc004701000001000000000001033232320237330331333402393107696e2d61646472046172706100000c000100002905c0000000000000, 7016
45,c0,0048,71f9,0000,40,01,cb21,82d0f6ab,cf5af403,030d39ec000000004500002c416700006706d58acf5af40382d0f6ab71530058b566aa6f0000000060029b63ee660000020405b4, 7016
45,00,0052,e35e,0000,40,11,0db1,82d0f6ab,08080808,e5600035003e89db6e5b010000010000000000010133033234340239300332303707696e2d61646472046172706100000c000100002905c0000000000000, 7016
45,60,0028,0000,4000,40,06,88c7,82d0f6ab,a2d89554,25d8c078000000001a9a8e58501400006ee40000, 7016
45,00,0054,2de8,0000,40,11,c325,82d0f6ab,08080808,d4f90035004089dd62140100000100000000000102383403313439033231360331363207696e2d61646472046172706100000c000100002905c0000000000000, 7016
00,01,0800,0604,0002,bc,24,1156,421682d0,f6abd401,c34c17fc82d0f6a1, 7016
45,00,004c,99bc,4000,40,11,adf6,82d0f6ab,82d0f6a1,a58b007b0038f33723000820000000000000000000000000000000000000000000000000000000000000000000000000e4ce2fb448afa494, 7016
45,00,0028,0000,4000,40,06,29e9,82d0f6ab,cc4ccb1e,0ceac9a10000000037cbf7405014000099510000, 7016
45,00,0053,1afb,0000,40,11,d613,82d0f6ab,08080808,e9e90035003f89dccbae01000001000000000001023330033230330237360332303407696e2d61646472046172706100000c000100002905c0000000000000, 7016
45,00,0028,0000,4000,40,06,fdee,82d0f6ab,cf5af40a,09f666580000000028b78be2501400004e070000, 7016
45,00,0053,9879,0000,40,11,5895,82d0f6ab,08080808,db050035003f89dca55a01000001000000000001023130033234340239300332303707696e2d61646472046172706100000c000100002905c0000000000000, 7016
00,01,0800,0604,0002,bc,24,1156,421682d0,f6abd401,c34c17fc82d0f6a1, 7016
00,01,0800,0604,0001,bc,24,1156,421682d0,f6ab0000,0000000082d0f6a1, 7016
45,c0,0044,e40e,0000,40,01,61b4,82d0f6ab,5dae5d0c,030d31440000000045000028227e0000f206721b5dae5d0c82d0f6abea60005047e0d485000000005002040070950000, 7016
45,00,0052,70a1,0000,40,11,806e,82d0f6ab,08080808,88940035003e89dbcf7c010000010000000000010231320239330331373402393307696e2d61646472046172706100000c000100002905c0000000000000, 7016
45,00,0028,0000,4000,40,06,a4a9,82d0f6ab,c4fb57af,0016c94f00000000a90be47d50140000c2ba0000, 7016
00,01,0800,0604,0002,bc,24,1156,421682d0,f6abd401,c34c17fc82d0f6a1, 7016
45,c0,0050,3947,0000,40,01,2f09,82d0f6ab,cc4ccbd4,030d0eb70000000045000034c83b00003006b0ebcc4ccbd482d0f6ab8fbb0052f44dc578000000008002ffff139f0000020405b40103030801010402, 7016
45,00,0054,b69a,0000,40,11,3a73,82d0f6ab,08080808,e9f70035004089dd878b0100000100000000000103323132033230330237360332303407696e2d61646472046172706100000c000100002905c0000000000000, 7016
45,00,0028,0000,4000,40,06,ff62,82d0f6ab,73e74e0a,1f44971d000000009fb7e441501400003a080000, 7016
45,00,0053,6a3b,0000,40,11,86d3,82d0f6ab,08080808,8ad20035003f89dc876601000001000000000001023130023738033233310331313507696e2d61646472046172706100000c000100002905c0000000000000, 7016
45,40,0028,0000,4000,40,06,cc87,82d0f6ab,c2b431d8,04f0dde600000000fda617815014000049c90000, 7016
45,00,0028,0000,4000,40,06,cb70,82d0f6ab,23cbd218,0bbddab700000000c4f103995014000091710000, 7016
45,00,0053,6dc8,0000,40,11,8346,82d0f6ab,08080808,b6d30035003f89dc5e9a01000001000000000001023234033231300332303302333507696e2d61646472046172706100000c000100002905c0000000000000, 7016
00,01,0800,0604,0002,bc,24,1156,421682d0,f6abd401,c34c17fc82d0f6a1, 7016
00,01,0800,0604,0001,bc,24,1156,421682d0,f6ab0000,0000000082d0f6a1, 7016
45,00,0028,0000,4000,40,06,9f5f,82d0f6ab,5c3fc5b5,19ada5a500000000049b006650140000500c0000, 7016
45,00,0053,997f,0000,40,11,578f,82d0f6ab,08080808,80da0035003f89dc199901000001000000000001033138310331393702363302393207696e2d61646472046172706100000c000100002905c0000000000000, 7016
00,01,0800,0604,0002,bc,24,1156,421682d0,f6abd401,c34c17fc82d0f6a1, 7016
45,00,0028,0000,4000,40,06,fdeb,82d0f6ab,cf5af40d,11947b1c000000001f59ed7450140000d96d0000, 7016
45,00,0053,60c2,0000,40,11,904c,82d0f6ab,08080808,b1df0035003f89dc5bbd01000001000000000001023133033234340239300332303707696e2d61646472046172706100000c000100002905c0000000000000, 7016
45,00,0028,0000,4000,40,06,f6c4,82d0f6ab,b2161879,1c3dd7b700000000c851f3f950140000bb840000, 7016
45,00,0053,b28e,0000,40,11,3e80,82d0f6ab,08080808,92ea0035003f89dce04701000001000000000001033132310232340232320331373807696e2d61646472046172706100000c000100002905c0000000000000, 7016
00,01,0800,0604,0002,bc,24,1156,421682d0,f6abd401,c34c17fc82d0f6a1, 7016
45,00,0028,0000,4000,40,06,3c3c,82d0f6ab,34a55073,22b8c32600000000c0685b1f50140000afd50000, 7016
00,01,0800,0604,0001,bc,24,1156,421682d0,f6ab0000,0000000082d0f6a1, 7016
45,00,0053,b6e0,0000,40,11,3a2e,82d0f6ab,08080808,aac40035003f89dc101c01000001000000000001033131350238300331363502353207696e2d61646472046172706100000c000100002905c0000000000000, 7016
45,00,0028,0000,4000,40,06,3133,82d0f6ab,14a87b79,10ebb5ef00000000a3c1907250140000ab240000, 7016
45,00,0054,0844,0000,40,11,e8c9,82d0f6ab,08080808,d3610035004089dd56850100000100000000000103313231033132330331363802323007696e2d61646472046172706100000c000100002905c0000000000000, 7016
45,00,0028,0000,4000,40,06,fdeb,82d0f6ab,cf5af40d,145158780000000044517fbd5014000042140000, 7016
45,00,004a,9e62,0000,40,11,52b5,82d0f6ab,08080808,84870035003689d307c6010000010000000000010d6665646f726170726f6a656374036f726700001c000100002905c0000000000000, 7016
00,01,0800,0604,0002,bc,24,1156,421682d0,f6abd401,c34c17fc82d0f6a1, 7016
45,00,0028,0000,4000,40,06,b5e1,82d0f6ab,74d3969f,0599e8cb00000000becba3d750140000d9d90000, 7016
45,00,0055,afd1,0000,40,11,413b,82d0f6ab,08080808,ebfe0035004189de9dae010000010000000000010331353903313530033231310331313607696e2d61646472046172706100000c000100002905c0000000000000, 7016
00,01,0800,0604,0001,bc,24,1156,421682d0,f6ab0000,0000000082d0f6a1, 7016
45,40,0028,0000,4000,40,06,cc87,82d0f6ab,c2b431d8,1a8fdde600000000816acce750140000faff0000, 7016
00,01,0800,0604,0002,bc,24,1156,421682d0,f6abd401,c34c17fc82d0f6a1, 7016
45,00,0028,0000,4000,40,06,6caa,82d0f6ab,d1268383,25d26658000000004e2506d45014000000870000, 7016
45,00,0054,5b76,0000,40,11,9597,82d0f6ab,08080808,dbae0035004089ddc28d0100000100000000000103313331033133310233380332303907696e2d61646472046172706100000c000100002905c0000000000000, 7016
45,00,0028,0000,4000,40,06,6586,82d0f6ab,8d5fce6e,1dca946b0000000041479c03501400004b060000, 7016
45,00,0054,41db,0000,40,11,af32,82d0f6ab,08080808,dead0035004089ddad2f0100000100000000000103313130033230360239350331343107696e2d61646472046172706100000c000100002905c0000000000000, 7016
45,00,0028,0000,4000,40,06,57a7,82d0f6ab,33443669,0485bf8e00000000a08d9ab650140000cd4f0000, 7016
45,00,0052,b766,0000,40,11,39a9,82d0f6ab,08080808,ca990035003e89dbe1bd010000010000000000010331303502353402363802353107696e2d61646472046172706100000c000100002905c0000000000000, 7016
45,00,0028,0000,4000,40,06,28c1,82d0f6ab,58d23fc1,18b5c77100000000266aa06750140000f6c80000, 7016
45,00,0053,0c46,0000,40,11,e4c8,82d0f6ab,08080808,883c0035003f89dc80d401000001000000000001033139330236330332313002383807696e2d61646472046172706100000c000100002905c0000000000000, 7016
45,60,0028,0000,4000,40,06,d3d2,82d0f6ab,cdd21f4f,22b8d1a900000000a792a0b6501400000c880000, 7016
45,00,0053,2b68,0000,40,11,c5a6,82d0f6ab,08080808,98c30035003f89dc1bd001000001000000000001023739023331033231300332303507696e2d61646472046172706100000c000100002905c0000000000000, 7016
00,01,0800,0604,0002,bc,24,1156,421682d0,f6abd401,c34c17fc82d0f6a1, 7016
00,01,0800,0604,0001,bc,24,1156,421682d0,f6ab0000,0000000082d0f6a1, 7016
45,c0,0058,8d44,0000,40,01,1a86,82d0f6ab,b572a32c,030dcf3c000000004500003c555040002a062951b572a32c82d0f6ab27f40017a3cd581b00000000a0027210d1650000020405b40402080a01330d4b0000000001030304, 7016
45,00,0054,ab9d,0000,40,11,4570,82d0f6ab,08080808,dc810035004089dd5df80100000100000000000102343403313633033131340331383107696e2d61646472046172706100000c000100002905c0000000000000, 7016
45,00,004c,6841,4000,40,11,df71,82d0f6ab,82d0f6a1,d81e007b0038f337230008200000000000000000000000000000000000000000000000000000000000000000000000007b6271309cc16498, 7016
45,00,004a,8b5f,0000,40,11,65b8,82d0f6ab,08080808,87c40035003689d3161e010000010000000000010d6665646f726170726f6a656374036f7267000001000100002905c0000000000000, 7016
45,00,003c,b153,4000,40,06,c946,82d0f6ab,26912015,d9800050700bde6f00000000a002faf0c0500000020405b40402080a41fb0e4a0000000001030308, 7016
45,00,0034,b154,4000,40,06,c94d,82d0f6ab,26912015,d9800050700bde7010d95541801000fbc04800000101080a41fb0ec4fcf66c4f, 7016
45,00,0091,b155,4000,40,06,c8ef,82d0f6ab,26912015,d9800050700bde7010d95541801800fbc0a500000101080a41fb0ec4fcf66c4f474554202f7374617469632f686f7473706f742e74787420485454502f312e310d0a486f73743a206665646f726170726f6a6563742e6f72670d0a4163636570743a202a2f2a0d0a436f6e6e656374696f6e3a20636c6f73650d0a0d0a, 7016
45,00,0052,d8ff,0000,40,11,1810,82d0f6ab,08080808,8d2c0035003e89db4d87010000010000000000010232310233320331343502333807696e2d61646472046172706100000c000100002905c0000000000000, 7016
45,00,0034,b156,4000,40,06,c94b,82d0f6ab,26912015,d9800050700bdecd10d956e3801000fbc04800000101080a41fb0f3ffcf66ccb, 7016
45,00,0034,b157,4000,40,06,c94a,82d0f6ab,26912015,d9800050700bdecd10d956e4801100fbc04800000101080a41fb0f3ffcf66ccb, 7016
45,00,0028,0000,4000,40,06,62ea,82d0f6ab,93b6cab3,20ec6658000000007497bc3c501400001fd20000, 7016
45,00,0055,1776,0000,40,11,d996,82d0f6ab,08080808,d5480035004189dec69d010000010000000000010331373903323032033138320331343707696e2d61646472046172706100000c000100002905c0000000000000, 7016
45,40,0028,0000,4000,40,06,cc87,82d0f6ab,c2b431d8,180fdde60000000015609e4350140000982e0000, 7016
45,00,0028,0000,4000,40,06,f701,82d0f6ab,b216183c,1be8e1fd00000000a21579ea50140000521c0000, 7016
45,00,0052,c775,0000,40,11,299a,82d0f6ab,08080808,a6c00035003e89db8e55010000010000000000010236300232340232320331373807696e2d61646472046172706100000c000100002905c0000000000000, 7016
00,01,0800,0604,0002,bc,24,1156,421682d0,f6abd401,c34c17fc82d0f6a1, 7016
45,60,0028,0000,4000,40,06,8848,82d0f6ab,a2d895d3,24bdd30600000000be2a31395014000016810000, 7016
45,00,0055,69d7,0000,40,11,8735,82d0f6ab,08080808,81570035004189deba34010000010000000000010332313103313439033231360331363207696e2d61646472046172706100000c000100002905c0000000000000, 7016
00,01,0800,0604,0001,bc,24,1156,421682d0,f6ab0000,0000000082d0f6a1, 7016
45,00,0028,0000,4000,40,06,a4a9,82d0f6ab,c4fb57af,001688b700000000939a395d50140000c3e40000, 7016
45,00,0028,0000,4000,40,06,fde4,82d0f6ab,cf5af414,20d266580000000036454fe950140000658c0000, 7016
45,00,0053,29ed,0000,40,11,c721,82d0f6ab,08080808,e8d40035003f89dc4eda01000001000000000001023230033234340239300332303707696e2d61646472046172706100000c000100002905c0000000000000, 7016
00,01,0800,0604,0002,bc,24,1156,421682d0,f6abd401,c34c17fc82d0f6a1, 7016
45,00,0028,0000,4000,40,06,c208,82d0f6ab,59f8a553,138aa44600000000f2add72550140000b5640000, 7016
45,00,0053,089a,0000,40,11,e874,82d0f6ab,08080808,a7af0035003f89dc0af601000001000000000001023833033136350332343802383907696e2d61646472046172706100000c000100002905c0000000000000, 7016
45,40,0028,0000,4000,40,06,cc87,82d0f6ab,c2b431d8,163edde6000000005101c6805014000036210000, 7016
45,00,0028,0000,4000,40,06,fdf5,82d0f6ab,cf5af403,213a665800000000a1cfb51d5014000094760000, 7016
45,00,0028,0000,4000,40,06,81b3,82d0f6ab,c1a37dfd,08379ea700000000897431a95014000094b70000, 7016
45,00,0055,4400,0000,40,11,ad0c,82d0f6ab,08080808,d2a10035004189de4cb2010000010000000000010332353303313235033136330331393307696e2d61646472046172706100000c000100002905c0000000000000, 7016
00,01,0800,0604,0002,bc,24,1156,421682d0,f6abd401,c34c17fc82d0f6a1, 7016
00,01,0800,0604,0001,bc,24,1156,421682d0,f6ab0000,0000000082d0f6a1, 7016
45,c0,0048,6c62,0000,40,01,d225,82d0f6ab,73e74e0a,030d387f000000004500002c000000006806175f73e74e0a82d0f6ab735f0378c844ff980000000060027210abf30000020405b4, 7016
45,c0,0044,a7ad,0000,40,01,6a46,82d0f6ab,2d87c102,030d65130000000045000028d4310000ec0692982d87c10282d0f6ab9e63005070b26fe9000000005002ffffc88d0000, 7016
45,00,0052,8022,0000,40,11,70ed,82d0f6ab,08080808,ccfd0035003e89db2744010000010000000000010132033139330331333502343507696e2d61646472046172706100000c000100002905c0000000000000, 7016
45,00,0028,0000,4000,40,06,a991,82d0f6ab,d126469c,239e665800000000473c90ea50140000bc740000, 7016
45,00,0053,4c95,0000,40,11,a479,82d0f6ab,08080808,b4a60035003f89dc422401000001000000000001033135360237300233380332303907696e2d61646472046172706100000c000100002905c0000000000000, 7016
45,00,0028,0000,4000,40,06,81bf,82d0f6ab,c1a37df1,23e1cd6b00000000be778a3a50140000bcc00000, 7016
45,00,0055,36db,0000,40,11,ba31,82d0f6ab,08080808,92c30035004189defa4c010000010000000000010332343103313235033136330331393307696e2d61646472046172706100000c000100002905c0000000000000, 7016
45,00,0028,0000,4000,40,06,14d7,82d0f6ab,671d4560,0016ec4800000000d89b5c305014000068ac0000, 7016
45,00,0052,9bf3,0000,40,11,551c,82d0f6ab,08080808,c9020035003e89dbd140010000010000000000010239360236390232390331303307696e2d61646472046172706100000c000100002905c0000000000000, 7016
00,01,0800,0604,0002,bc,24,1156,421682d0,f6abd401,c34c17fc82d0f6a1, 7016
45,40,0028,0000,4000,40,06,cc86,82d0f6ab,c2b431d9,1b8bdf38000000004af288c650140000734a0000, 7016
45,00,0054,1800,0000,40,11,d90d,82d0f6ab,08080808,92760035004089dd836b0100000100000000000103323137023439033138300331393407696e2d61646472046172706100000c000100002905c0000000000000, 7016
00,01,0800,0604,0001,bc,24,1156,421682d0,f6ab0000,0000000082d0f6a1, 7016
45,60,0028,0000,4000,40,06,d3c4,82d0f6ab,cdd21f5d,0d3ddd2d0000000020c71cdf5014000021140000, 7016
45,00,0053,a9f6,0000,40,11,4718,82d0f6ab,08080808,bb240035003f89dc03ef01000001000000000001023933023331033231300332303507696e2d61646472046172706100000c000100002905c0000000000000, 7016
45,00,0028,0000,4000,40,06,73e9,82d0f6ab,6766e604,22188e4500000000ff901cad501400001c4e0000, 7016
45,00,0053,71ce,0000,40,11,7f40,82d0f6ab,08080808,802c0035003f89dc54c701000001000000000001013403323330033130320331303307696e2d61646472046172706100000c000100002905c0000000000000, 7016
45,00,0028,0000,4000,40,06,9f5e,82d0f6ab,5c3fc5b6,1a05a61a00000000fa83d2cc5014000086ee0000, 7016
45,00,0028,0000,4000,40,06,0c0c,82d0f6ab,a7630de5,1f54d5ff000000009c8488635014000066d00000, 7016
45,00,0053,f19c,0000,40,11,ff71,82d0f6ab,08080808,b9190035003f89dc76c301000001000000000001033232390231330239390331363707696e2d61646472046172706100000c000100002905c0000000000000, 7016
45,00,0028,0000,4000,40,06,6bf4,82d0f6ab,c18e93d1,1f98d4bd000000002cb5df2650140000e0c20000, 7016
45,00,0055,ad81,0000,40,11,438b,82d0f6ab,08080808,bf3d0035004189dea1c2010000010000000000010332303903313437033134320331393307696e2d61646472046172706100000c000100002905c0000000000000, 7016
00,01,0800,0604,0002,bc,24,1156,421682d0,f6abd401,c34c17fc82d0f6a1, 7016
45,00,0028,0000,4000,40,06,fdee,82d0f6ab,cf5af40a,24e6665800000000fbb744a750140000a7510000, 7016
45,00,0028,0000,4000,40,06,e1c5,82d0f6ab,c6eb18a3,0bb8da7500000000572d530250140000c6680000, 7016
45,00,0054,497b,0000,40,11,a792,82d0f6ab,08080808,a16b0035004089ddb1f90100000100000000000103313633023234033233350331393807696e2d61646472046172706100000c000100002905c0000000000000, 7016
45,00,004a,2820,0000,40,11,c8f7,82d0f6ab,08080808,ade70035003689d39bb8010000010000000000010d6665646f726170726f6a656374036f726700001c000100002905c0000000000000, 7016
00,01,0800,0604,0002,bc,24,1156,421682d0,f6abd401,c34c17fc82d0f6a1, 7016
00,01,0800,0604,0001,bc,24,1156,421682d0,f6ab0000,0000000082d0f6a1, 7016
45,00,0028,0000,4000,40,06,b30c,82d0f6ab,4706c741,14e9a23b0000000045607b1050140000b0770000, 7016
45,00,0051,e5ed,0000,40,11,0b23,82d0f6ab,08080808,b5700035003d89da6c3f0100000100000000000102363503313939013602373107696e2d61646472046172706100000c000100002905c0000000000000, 7016
45,c0,0048,8b49,0000,40,01,b33e,82d0f6ab,73e74e0a,030d387f000000004500002c000000006806175f73e74e0a82d0f6ab9ecc026f593078f8000000006002721077440000020405b4, 7016
45,60,0028,0000,4000,40,06,a8f5,82d0f6ab,93b98445,20fdde9c00000000e12c2d885014000010070000, 7016
45,00,0054,6368,0000,40,11,8da5,82d0f6ab,08080808,80a50035004089ddc82c0100000100000000000102363903313332033138350331343707696e2d61646472046172706100000c000100002905c0000000000000, 7016
45,00,0028,0000,4000,40,06,c072,82d0f6ab,87ed78f4,13c4c0e300000000dbf20d375014000077a10000, 7016
45,00,0055,395a,0000,40,11,b7b2,82d0f6ab,08080808,83e60035004189deacde010000010000000000010332343403313230033233370331333507696e2d61646472046172706100000c000100002905c0000000000000, 7016
45,40,0028,0000,4000,40,06,cc87,82d0f6ab,c2b431d8,0d21dde600000000044e11825014000040f00000, 7016
45,00,0028,0000,4000,40,06,fde0,82d0f6ab,cf5af418,1f915b18000000005fbcf54250140000a3380000, 7016
45,00,0053,d1b9,0000,40,11,1f55,82d0f6ab,08080808,e70a0035003f89dcfa9601000001000000000001023234033234340239300332303707696e2d61646472046172706100000c000100002905c0000000000000, 7016
00,01,0800,0604,0002,bc,24,1156,421682d0,f6abd401,c34c17fc82d0f6a1, 7016
00,01,0800,0604,0001,bc,24,1156,421682d0,f6ab0000,0000000082d0f6a1, 7016
45,c0,0044,9a48,0000,40,01,ce0c,82d0f6ab,cc4ccbdb,030d0eb20000000045000028d4310000ef06e5f9cc4ccbdb82d0f6ab865d00513ed946c8000000005002ffff91ee0000, 7016
45,00,0054,18af,0000,40,11,d85e,82d0f6ab,08080808,e26f0035004089dda8b30100000100000000000103323139033230330237360332303407696e2d61646472046172706100000c000100002905c0000000000000, 7016
45,00,0130,0ce9,4000,40,11,39e6,82d0f6ab,82d0f6a1,00440043011cf41b01010600363dcac90001000082d0f6ab000000000000000000000000bc241156421600000000000000000000000000000000000000000000000000000000000000000000000000000000000000000000000000000000000000000000000000000000000000000000000000000000000000000000000000000000000000000000000000000000000000000000000000000000000000000000000000000000000000000000000000000000000000000000000000000000000000000000000000000000000000000000000000000000000000000000000000000000000000000000000000000000000000000000638253633501033d0701bc241156421637110102060c0f1a1c79032128292a77f9fc113902ffffff, 7016
45,00,004a,7ea0,0000,40,11,7277,82d0f6ab,08080808,d2300035003689d38984010000010000000000010d6665646f726170726f6a656374036f7267000001000100002905c0000000000000, 7016
45,00,003c,e949,4000,40,06,9150,82d0f6ab,26912015,b90a0050982faca100000000a002faf0c0500000020405b40402080a41ffa22a0000000001030308, 7016
45,00,0034,e94a,4000,40,06,9157,82d0f6ab,26912015,b90a0050982faca2122c2477801000fbc04800000101080a41ffa2a4fcfb002f, 7016
45,00,0091,e94b,4000,40,06,90f9,82d0f6ab,26912015,b90a0050982faca2122c2477801800fbc0a500000101080a41ffa2a4fcfb002f474554202f7374617469632f686f7473706f742e74787420485454502f312e310d0a486f73743a206665646f726170726f6a6563742e6f72670d0a4163636570743a202a2f2a0d0a436f6e6e656374696f6e3a20636c6f73650d0a0d0a, 7016
45,00,0034,e94c,4000,40,06,9155,82d0f6ab,26912015,b90a0050982facff122c2619801000fbc04800000101080a41ffa31ffcfb00ab, 7016
45,00,0034,e94d,4000,40,06,9154,82d0f6ab,26912015,b90a0050982facff122c261a801100fbc04800000101080a41ffa320fcfb00ab, 7016
00,01,0800,0604,0002,bc,24,1156,421682d0,f6abd401,c34c17fc82d0f6a1, 7016
45,00,0028,0000,4000,40,06,a4a9,82d0f6ab,c4fb57af,001699f9000000004b3b2944501400000b1b0000, 7016
45,60,0028,0000,4000,40,06,d3db,82d0f6ab,cdd21f46,1732d75c00000000bf8cff78501400009ba70000, 7016
45,00,0053,634e,0000,40,11,8dc0,82d0f6ab,08080808,b4400035003f89dc972201000001000000000001023730023331033231300332303507696e2d61646472046172706100000c000100002905c0000000000000, 7016
45,00,0028,0000,4000,40,06,abbf,82d0f6ab,c4fb5099,1031b5c0000000005229c90b501400003f990000, 7016
45,40,0028,0000,4000,40,06,cc86,82d0f6ab,c2b431d9,2630df380000000069f442a6501400008fc30000, 7016
45,00,0028,0000,4000,40,06,1cb4,82d0f6ab,5055544b,0fa0cffb000000002cb677a6501400000dbc0000, 7016
45,00,0051,2490,0000,40,11,cc80,82d0f6ab,08080808,aeca0035003d89da14be0100000100000000000102373502383402383502383007696e2d61646472046172706100000c000100002905c0000000000000, 7016
45,00,0028,0000,4000,40,06,50b3,82d0f6ab,abe7c4b9,0016d6d1000000002ba7c8da50140000fa490000, 7016
45,00,0055,98ef,0000,40,11,581d,82d0f6ab,08080808,8ff70035004189de62b7010000010000000000010331383503313936033233310331373107696e2d61646472046172706100000c000100002905c0000000000000, 7016
45,00,0028,0000,4000,40,06,ee08,82d0f6ab,b28020cb,1fe1665800000000574919bd501400006bc90000, 7016
45,00,0054,13ba,0000,40,11,dd53,82d0f6ab,08080808,c0790035004089ddd1250100000100000000000103323033023332033132380331373807696e2d61646472046172706100000c000100002905c0000000000000, 7016
00,01,0800,0604,0001,bc,24,1156,421682d0,f6ab0000,0000000082d0f6a1, 7016
45,00,0028,0000,4000,40,06,a836,82d0f6ab,c4fb5422,0c35b0fc0000000058f28e515014000078c10000, 7016
45,c0,0048,2369,0000,40,01,fdf8,82d0f6ab,c6eb182c,030d55a5000000004560002cd4310000f3069aa6c6eb182c82d0f6abc4a003e87d847a6d000000006002ffff7f180000020405b4, 7016
45,00,0053,ed17,0000,40,11,03f7,82d0f6ab,08080808,e9e70035003f89dc19b701000001000000000001023334023834033235310331393607696e2d61646472046172706100000c000100002905c0000000000000, 7016
45,00,0053,7fcd,0000,40,11,7141,82d0f6ab,08080808,b1360035003f89dcd6dd01000001000000000001023434023234033233350331393807696e2d61646472046172706100000c000100002905c0000000000000, 7016
00,01,0800,0604,0002,bc,24,1156,421682d0,f6abd401,c34c17fc82d0f6a1, 7016
45,00,0028,0000,4000,40,06,a6bf,82d0f6ab,b9fe6096,0016a047000000007bd9253a50140000da4e0000, 7016
45,00,0054,c64f,0000,40,11,2abe,82d0f6ab,08080808,d98b0035004089dd100b0100000100000000000103313530023936033235340331383507696e2d61646472046172706100000c000100002905c0000000000000, 7016
45,00,0028,0000,4000,40,06,fde0,82d0f6ab,cf5af418,22e7665800000000608aab9050140000dd860000, 7016
00,01,0800,0604,0001,bc,24,1156,421682d0,f6ab0000,0000000082d0f6a1, 7016
45,00,0028,0000,4000,40,06,f5b8,82d0f6ab,246aa731,1e07f58d000000006b863d8050140000ae1d0000, 7016
45,00,0053,1dfe,0000,40,11,d310,82d0f6ab,08080808,e17a0035003f89dc6f7701000001000000000001023439033136370331303602333607696e2d61646472046172706100000c000100002905c0000000000000, 7016
45,c0,0048,2fc8,0000,40,01,b8b7,82d0f6ab,93b98440,030d8e87000000004560002cd4310000f30661c493b9844082d0f6abc74b0058a3ccda45000000006002ffffc0fa0000020405b4, 7016
45,40,0028,0000,4000,40,06,cc86,82d0f6ab,c2b431d9,1bafdf38000000000bba564350140000e4e10000, 7016
45,00,0054,1d5b,0000,40,11,d3b2,82d0f6ab,08080808,c2d40035004089dd05810100000100000000000102363403313332033138350331343707696e2d61646472046172706100000c000100002905c0000000000000, 7016
45,c0,0048,65e7,0000,40,01,f770,82d0f6ab,b964e9bc,030d19af000000004500002c92ca0000ee061d64b964e9bc82d0f6abf5e000508e9d643100000000600204008e890000020405b4, 7016
45,00,0055,2802,0000,40,11,c90a,82d0f6ab,08080808,bb4f0035004189de6c64010000010000000000010331383803323333033130300331383507696e2d61646472046172706100000c000100002905c0000000000000, 7016
45,00,0028,0000,4000,40,06,cb77,82d0f6ab,23cbd211,1fafc8440000000051d5b36c5014000053420000, 7016
45,00,0053,89ae,0000,40,11,6760,82d0f6ab,08080808,9d670035003f89dc6d0a01000001000000000001023137033231300332303302333507696e2d61646472046172706100000c000100002905c0000000000000, 7016
00,01,0800,0604,0002,bc,24,1156,421682d0,f6abd401,c34c17fc82d0f6a1, 7016
00,01,0800,0604,0001,bc,24,1156,421682d0,f6ab0000,0000000082d0f6a1, 7016
45,c0,0044,16e7,0000,40,01,f509,82d0f6ab,c2b431d8,030d6b160000000045400028f8c40000f10662c2c2b431d882d0f6abdde6036ae0ef0d0500000000500204006e940000, 7016
45,00,0028,0000,4000,40,06,88d6,82d0f6ab,a75e911f,1388f8560000000016e9ddc350140000fd4a0000, 7016
45,00,0053,7e26,0000,40,11,72e8,82d0f6ab,08080808,cb8a0035003f89dc141401000001000000000001023331033134350239340331363707696e2d61646472046172706100000c000100002905c0000000000000, 7016
00,01,0800,0604,0001,bc,24,1156,421682d0,f6ab0000,0000000082d0f6a1, 7016
45,00,0028,0000,4000,40,06,fdeb,82d0f6ab,cf5af40d,1fc3665800000000ddf4da9e50140000343d0000, 7016
00,01,0800,0604,0002,bc,24,1156,421682d0,f6abd401,c34c17fc82d0f6a1, 7016
45,00,0028,0000,4000,40,06,4ff6,82d0f6ab,511c2042,08b2ea62000000004a4d87905014000000040000, 7016
45,00,0051,889a,0000,40,11,6876,82d0f6ab,08080808,8f300035003d89da73ed0100000100000000000102363602333202323802383107696e2d61646472046172706100000c000100002905c0000000000000, 7016
45,c0,0044,9e78,0000,40,01,6bf7,82d0f6ab,c103350a,030d6c970000000045000028d4310000ed068a14c103350a82d0f6abcd6b0011102f6f3c000000005002fffff3700000, 7016
45,00,0051,029d,0000,40,11,ee73,82d0f6ab,08080808,80e60035003d89da916f0100000100000000000102313002353301330331393307696e2d61646472046172706100000c000100002905c0000000000000, 7016
45,00,0028,0000,4000,40,06,6586,82d0f6ab,8d5fce6e,171fe4d900000000425bd87150140000c3c00000, 7016
45,40,0028,0000,4000,40,06,cc86,82d0f6ab,c2b431d9,1bdcdf380000000060d4afd75014000036060000, 7016
45,00,0028,0000,4000,40,06,c208,82d0f6ab,59f8a553,2269a44600000000a9275778501400006fb90000, 7016
45,00,0028,0000,4000,40,06,fdde,82d0f6ab,cf5af41a,09645f2e00000000e84c098b5014000018750000, 7016
45,c0,0050,2f79,0000,40,01,b7da,82d0f6ab,c4fb5422,030d8fb30000000045000034c924000032062d06c4fb542282d0f6abb0360050a4b70596000000008002ffff81a20000020405b40103030801010402, 7016
45,00,0053,f6d6,0000,40,11,fa37,82d0f6ab,08080808,9ca20035003f89dcef4f01000001000000000001023236033234340239300332303707696e2d61646472046172706100000c000100002905c0000000000000, 7016
00,01,0800,0604,0001,bc,24,1156,421682d0,f6ab0000,0000000082d0f6a1, 7016
45,00,0028,0000,4000,40,06,a800,82d0f6ab,93b9859a,1387db170000000028b0fc7750140000093a0000, 7016
45,00,0055,3890,0000,40,11,b87c,82d0f6ab,08080808,90da0035004189debf00010000010000000000010331353403313333033138350331343707696e2d61646472046172706100000c000100002905c0000000000000, 7016
45,00,0028,0000,4000,40,06,1266,82d0f6ab,d9b6d537,15fbce4c000000001a69db0950140000adab0000, 7016
45,00,0054,d538,0000,40,11,1bd5,82d0f6ab,08080808,bc1e0035004089dd94c90100000100000000000102353503323133033138320332313707696e2d61646472046172706100000c000100002905c0000000000000, 7016
45,00,0028,0000,4000,40,06,abc9,82d0f6ab,c4fb508f,10318308000000006a06df9d5014000043ec0000, 7016
45,00,0054,b302,0000,40,11,3e0b,82d0f6ab,08080808,dc470035004089dd56790100000100000000000103313433023830033235310331393607696e2d61646472046172706100000c000100002905c0000000000000, 7016
45,00,004c,e9b2,4000,40,11,5e00,82d0f6ab,82d0f6a1,9f36007b0038f33723000920000000000000000000000000000000000000000000000000000000000000000000000000919d1defe3911d93, 7016
45,00,004a,6967,0000,40,11,87b0,82d0f6ab,08080808,82030035003689d3f011010000010000000000010d6665646f726170726f6a656374036f726700001c000100002905c0000000000000, 7016
00,01,0800,0604,0002,bc,24,1156,421682d0,f6abd401,c34c17fc82d0f6a1, 7016
45,00,0028,0000,4000,40,06,fdeb,82d0f6ab,cf5af40d,16ac665800000000d6f4cff6501400004efc0000, 7016
45,00,0028,0000,4000,40,06,abbf,82d0f6ab,c4fb5099,162ee0f200000000a0fd73f25014000014af0000, 7016
45,c0,0048,e122,0000,40,01,0358,82d0f6ab,b9f3620b,030d928c000000004540002c971c0000f1069cf4b9f3620b82d0f6abe24c00de62ea61690000000060020401572c0000020405b4, 7016
45,00,0053,65c7,0000,40,11,8b47,82d0f6ab,08080808,a4840035003f89dc113a01000001000000000001023131023938033234330331383507696e2d61646472046172706100000c000100002905c0000000000000, 7016
45,00,0028,0000,4000,40,06,29eb,82d0f6ab,cc4ccb1c,162e8a9c0000000087eec34250140000b2ef0000, 7016
45,00,0053,d8f1,0000,40,11,181d,82d0f6ab,08080808,cee70035003f89dc362c01000001000000000001023238033230330237360332303407696e2d61646472046172706100000c000100002905c0000000000000, 7016
45,00,0028,0000,4000,40,06,3c4c,82d0f6ab,93b6f151,1f5566580000000099e9aa5150140000e7630000, 7016
45,00,0028,0000,4000,40,06,abbf,82d0f6ab,c4fb5099,0e69e28b00000000a18328e55014000065620000, 7016
00,01,0800,0604,0002,bc,24,1156,421682d0,f6abd401,c34c17fc82d0f6a1, 7016
00,01,0800,0604,0001,bc,24,1156,421682d0,f6ab0000,0000000082d0f6a1, 7016
45,60,0028,0000,4000,40,06,a8b0,82d0f6ab,93b9848a,04dcd1e700000000ebeb64f050140000f6700000, 7016
45,00,0055,9b04,0000,40,11,5608,82d0f6ab,08080808,ae1d0035004189de1873010000010000000000010331333803313332033138350331343707696e2d61646472046172706100000c000100002905c0000000000000, 7016
45,40,0028,0000,4000,40,06,cc86,82d0f6ab,c2b431d9,212edf380000000042382b6d50140000d3ba0000, 7016
45,00,0028,0000,4000,40,06,a4a9,82d0f6ab,c4fb57af,00169593000000001a1895a950140000d43e0000, 7016
45,00,0028,0000,4000,40,06,1262,82d0f6ab,d9b6d53b,16e3d02d000000000930cf9350140000c78d0000, 7016
45,00,0054,6199,0000,40,11,8f74,82d0f6ab,08080808,847a0035004089dd191a0100000100000000000102353903323133033138320332313707696e2d61646472046172706100000c000100002905c0000000000000, 7016
45,c0,0044,49b8,0000,40,01,0a8c,82d0f6ab,287683c3,030d22c300000000450000286ec90000e3064351287683c382d0f6aba8e001bb0ee399d9000000005002040032d50000, 7016
45,00,0054,8232,0000,40,11,6edb,82d0f6ab,08080808,a0470035004089ddb8fc0100000100000000000103313935033133310331313802343007696e2d61646472046172706100000c000100002905c0000000000000, 7016
45,00,004a,42d5,0000,40,11,ae42,82d0f6ab,08080808,beab0035003689d3c0d4010000010000000000010d6665646f726170726f6a656374036f7267000001000100002905c0000000000000, 7016
45,00,003c,e7a5,4000,40,06,89f9,82d0f6ab,22d32cce,d6a80050bb9e55eb00000000a002faf0c94b0000020405b40402080abdf352b00000000001030308, 7016
45,00,0034,e7a6,4000,40,06,8a00,82d0f6ab,22d32cce,d6a80050bb9e55ec3401671f801000fbc94300000101080abdf3537ab36f818c, 7016
45,00,0091,e7a7,4000,40,06,89a2,82d0f6ab,22d32cce,d6a80050bb9e55ec3401671f801800fbc9a000000101080abdf3537ab36f818c474554202f7374617469632f686f7473706f742e74787420485454502f312e310d0a486f73743a206665646f726170726f6a6563742e6f72670d0a4163636570743a202a2f2a0d0a436f6e6e656374696f6e3a20636c6f73650d0a0d0a, 7016
45,00,0053,1758,0000,40,11,d9b6,82d0f6ab,08080808,92770035003f89dc714201000001000000000001033230360234340332313102333407696e2d61646472046172706100000c000100002905c0000000000000, 7016
45,00,0034,e7a8,4000,40,06,89fe,82d0f6ab,22d32cce,d6a80050bb9e5649340168bc801000fbc94300000101080abdf35445b36f8257, 7016
45,00,0034,e7a9,4000,40,06,89fd,82d0f6ab,22d32cce,d6a80050bb9e5649340168bd801100fbc94300000101080abdf35445b36f8257, 7016
00,01,0800,0604,0002,bc,24,1156,421682d0,f6abd401,c34c17fc82d0f6a1, 7016
45,00,0028,0000,4000,40,06,9577,82d0f6ab,92be991e,1e6171530000000060fb219e50140000f8290000, 7016
45,00,0054,15cd,0000,40,11,db40,82d0f6ab,08080808,9f1b0035004089dd17290100000100000000000102333003313533033139300331343607696e2d61646472046172706100000c000100002905c0000000000000, 7016
45,00,0028,0000,4000,40,06,abc9,82d0f6ab,c4fb508f,2260b98400000000c2f7753c501400000cb10000, 7016
45,c0,0050,0e7e,0000,40,01,5a8a,82d0f6ab,cc4ccb1c,030d0dff00000000450000345f5d00002f061b82cc4ccb1c82d0f6abcd3800de3b32d285000000008002ffff825c0000020405b40103030801010402, 7016
00,01,0800,0604,0002,bc,24,1156,421682d0,f6abd401,c34c17fc82d0f6a1, 7016
00,01,0800,0604,0001,bc,24,1156,421682d0,f6ab0000,0000000082d0f6a1, 7016
45,00,0028,0000,4000,40,06,29eb,82d0f6ab,cc4ccb1c,07e8ad3e00000000fccf90c6501400005c2e0000, 7016
45,00,0028,0000,4000,40,06,f6fd,82d0f6ab,b2161840,1cacc34e00000000eb13d3d750140000cd170000, 7016
00,01,0800,0604,0002,bc,24,1156,421682d0,f6abd401,c34c17fc82d0f6a1, 7016
45,00,0028,0000,4000,40,06,ab13,82d0f6ab,c4fb5145,07e5ce950000000001e2bd3a501400008a7c0000, 7016
45,00,0053,f9a6,0000,40,11,f767,82d0f6ab,08080808,de720035003f89dce35d01000001000000000001023639023831033235310331393607696e2d61646472046172706100000c000100002905c0000000000000, 7016
45,00,0028,0000,4000,40,06,bb87,82d0f6ab,87ed7ddf,1628841c00000000ab6265ad5014000085330000, 7016
45,00,0055,9f62,0000,40,11,51aa,82d0f6ab,08080808,d5490035004189deb82c010000010000000000010332323303313235033233370331333507696e2d61646472046172706100000c000100002905c0000000000000, 7016
00,01,0800,0604,0001,bc,24,1156,421682d0,f6ab0000,0000000082d0f6a1, 7016
45,00,0028,0000,4000,40,06,fddd,82d0f6ab,cf5af41b,0dca665800000000547e36795014000073c40000, 7016
45,00,0053,2262,0000,40,11,ceac,82d0f6ab,08080808,99b80035003f89dcb35901000001000000000001023237033234340239300332303707696e2d61646472046172706100000c000100002905c0000000000000, 7016
00,01,0800,0604,0002,bc,24,1156,421682d0,f6abd401,c34c17fc82d0f6a1, 7016
45,00,0028,0000,4000,40,06,7d09,82d0f6ab,5d98e6b2,0016a66d00000000afd9a6af50140000f4fc0000, 7016
45,00,0054,11e3,0000,40,11,df2a,82d0f6ab,08080808,d55a0035004089dded010100000100000000000103313738033233300331353202393307696e2d61646472046172706100000c000100002905c0000000000000, 7016
45,14,0028,0000,4000,40,06,cda4,82d0f6ab,2ffec39d,207be45300000000d45dc6c750140000a2c40000, 7016
45,00,0054,8c29,0000,40,11,64e4,82d0f6ab,08080808,9b660035004089dd120d0100000100000000000103313537033139350332353402343707696e2d61646472046172706100000c000100002905c0000000000000, 7016
45,00,0028,0000,4000,40,06,c393,82d0f6ab,59f8a3c8,1f90a52b000000005e878718501400008e380000, 7016
45,00,0054,1777,0000,40,11,d996,82d0f6ab,08080808,ae760035004089dd906c0100000100000000000103323030033136330332343802383907696e2d61646472046172706100000c000100002905c0000000000000, 7016
45,00,0028,0000,4000,40,06,00a6,82d0f6ab,4e80722e,170cd13400000000a8d3c3b25014000020df0000, 7016
00,01,0800,0604,0002,bc,24,1156,421682d0,f6abd401,c34c17fc82d0f6a1, 7016
45,00,0053,ac84,0000,40,11,448a,82d0f6ab,08080808,c2d50035003f89dcb0d301000001000000000001023436033131340331323802373807696e2d61646472046172706100000c000100002905c0000000000000, 7016
45,00,0028,0000,4000,40,06,fde1,82d0f6ab,cf5af417,0de26658000000006eb029f55014000066020000, 7016
45,00,0053,3478,0000,40,11,bc96,82d0f6ab,08080808,beb40035003f89dcccda01000001000000000001023233033234340239300332303707696e2d61646472046172706100000c000100002905c0000000000000, 7016
00,01,0800,0604,0001,bc,24,1156,421682d0,f6ab0000,0000000082d0f6a1, 7016
45,00,0055,6a5b,0000,40,11,86b1,82d0f6ab,08080808,86440035004189de646e010000010000000000010331373103323436033230380331333007696e2d61646472046172706100000c000100002905c0000000000000, 7016
00,01,0800,0604,0002,bc,24,1156,421682d0,f6abd401,c34c17fc82d0f6a1, 7016
45,00,0028,0000,4000,40,06,fded,82d0f6ab,cf5af40b,0a0a6658000000000a650f6a50140000e8bc0000, 7016
45,00,0053,dc01,0000,40,11,150d,82d0f6ab,08080808,90620035003f89dc724201000001000000000001023131033234340239300332303707696e2d61646472046172706100000c000100002905c0000000000000, 7016
00,01,0800,0604,0001,bc,24,1156,421682d0,f6ab0000,0000000082d0f6a1, 7016
45,00,004c,35a3,4000,40,11,1210,82d0f6ab,82d0f6a1,daef007b0038f33723000820000000000000000000000000000000000000000000000000000000000000000000000000d35bd1e72934f941, 7016
45,00,0028,0000,4000,40,06,2526,82d0f6ab,b9f2e23b,15b3e66300000000cf7be76f50140000e7230000, 7016
45,00,0054,3317,0000,40,11,bdf6,82d0f6ab,08080808,b0d10035004089dd834e0100000100000000000102353903323236033234320331383507696e2d61646472046172706100000c000100002905c0000000000000, 7016
00,01,0800,0604,0002,bc,24,1156,421682d0,f6abd401,c34c17fc82d0f6a1, 7016
45,00,0028,0000,4000,40,06,be03,82d0f6ab,b99c49b4,1a63a6510000000095cdfee850140000dd980000, 7016
45,00,0054,8254,0000,40,11,6eb9,82d0f6ab,08080808,83920035004089dd6a870100000100000000000103313830023733033135360331383507696e2d61646472046172706100000c000100002905c0000000000000, 7016
45,00,003e,fd3e,4000,ff,11,23f8,82d0f6ab,e00000fb,14e914e9002a5ab3000000000001000000000000055f72616f70045f746370056c6f63616c00000c0001, 7016
45,00,0051,66c2,0000,40,11,8a4e,82d0f6ab,08080808,e3570035003d89dabe8c0100000100000000000103323531013001300332323407696e2d61646472046172706100000c000100002905c0000000000000, 7016
45,00,0043,02cf,4000,ff,11,1e63,82d0f6ab,e00000fb,14e914e9002f5ab80000000000010000000000000a5f6e6d65612d30313833045f746370056c6f63616c00000c0001, 7016
00,01,0800,0604,0001,bc,24,1156,421682d0,f6ab0000,0000000082d0f6a1, 7016
45,00,004a,80d5,0000,40,11,7042,82d0f6ab,08080808,e5ba0035003689d36fea010000010000000000010d6665646f726170726f6a656374036f726700001c000100002905c0000000000000, 7016
00,01,0800,0604,0002,bc,24,1156,421682d0,f6abd401,c34c17fc82d0f6a1, 7016
45,00,0028,0000,4000,40,06,29eb,82d0f6ab,cc4ccb1c,26c2cc3600000000f658f4ee50140000c0aa0000, 7016
45,00,0028,0000,4000,40,06,a810,82d0f6ab,93b9858a,1365cf56000000006b0f18c250140000b6830000, 7016
45,00,0055,7cb2,0000,40,11,745a,82d0f6ab,08080808,c8af0035004189de1f81010000010000000000010331333803313333033138350331343707696e2d61646472046172706100000c000100002905c0000000000000, 7016
45,00,0028,0000,4000,40,06,4336,82d0f6ab,8fc6ee57,2373665800000000be6f165e50140000599d0000, 7016
45,00,0054,20d3,0000,40,11,d03a,82d0f6ab,08080808,ed520035004089dd33550100000100000000000102383703323338033139380331343307696e2d61646472046172706100000c000100002905c0000000000000, 7016
00,01,0800,0604,0001,bc,24,1156,421682d0,f6ab0000,0000000082d0f6a1, 7016
45,c0,0044,e824,0000,40,01,23cc,82d0f6ab,c2b431d8,030d6b160000000045400028b6120000f106a574c2b431d882d0f6abdde603fbd58743420000000050020400432e0000, 7016
45,c0,0044,f194,0000,40,01,76c0,82d0f6ab,cc4ccbdb,030d0eb20000000045000028d4310000ee06e6f9cc4ccbdb82d0f6abcfeb005205bbde6e000000005002ffffe9d60000, 7016
00,01,0800,0604,0002,bc,24,1156,421682d0,f6abd401,c34c17fc82d0f6a1, 7016
45,c0,0050,c70f,0000,40,01,ed91,82d0f6ab,80cbcb04,030dc2650000000045000034861d00002806475b80cbcb0482d0f6aba86b02032d324f8a000000008002ffff82ad0000020405a00103030801010402, 7016
45,00,0053,39ff,0000,40,11,b70f,82d0f6ab,08080808,aa5c0035003f89dc647e01000001000000000001013403323033033230330331323807696e2d61646472046172706100000c000100002905c0000000000000, 7016
45,00,0028,0000,4000,40,06,7b5e,82d0f6ab,b04195b4,2049b117000000005c46034950140000bf6e0000, 7016
45,00,0054,b9bd,0000,40,11,3750,82d0f6ab,08080808,88400035004089dd43680100000100000000000103313830033134390236350331373607696e2d61646472046172706100000c000100002905c0000000000000, 7016
45,00,0028,0000,4000,40,06,292a,82d0f6ab,58d23f58,0d3bd6450000000055514ca25014000018b60000, 7016
45,00,0052,e437,0000,40,11,0cd8,82d0f6ab,08080808,d2b10035003e89db0ec5010000010000000000010238380236330332313002383807696e2d61646472046172706100000c000100002905c0000000000000, 7016
45,00,0028,0000,4000,40,06,00ae,82d0f6ab,4e807226,0d47b5c300000000f8c839125014000080c80000, 7016
45,c0,0044,f881,0000,40,01,cfe8,82d0f6ab,4f6ae8a8,030dae9c00000000450000287be200002d06605f4f6ae8a882d0f6ab4605001782d0f6ab000000005002d4526a680000, 7016
45,00,0053,afba,0000,40,11,4154,82d0f6ab,08080808,93c90035003f89dcc13d01000001000000000001023338033131340331323802373807696e2d61646472046172706100000c000100002905c0000000000000, 7016
45,00,0054,da51,0000,40,11,16bc,82d0f6ab,08080808,ed8c0035004089dde7dc0100000100000000000103313638033233320331303602373907696e2d61646472046172706100000c000100002905c0000000000000, 7016
45,40,0028,0000,4000,40,06,cc87,82d0f6ab,c2b431d8,0a07dde600000000161d1a6d5014000029500000, 7016
45,00,0028,0000,4000,40,06,a4a9,82d0f6ab,c4fb57af,0016c446000000003d4b13de5014000004240000, 7016
00,01,0800,0604,0002,bc,24,1156,421682d0,f6abd401,c34c17fc82d0f6a1, 7016
45,00,0028,0000,4000,40,06,fde4,82d0f6ab,cf5af414,06126658000000005045783b501400003dfa0000, 7016
00,01,0800,0604,0001,bc,24,1156,421682d0,f6ab0000,0000000082d0f6a1, 7016
45,00,0028,0000,4000,40,06,abc9,82d0f6ab,c4fb508f,0c39bcaa00000000d027d69050140000b12d0000, 7016
00,01,0800,0604,0002,bc,24,1156,421682d0,f6abd401,c34c17fc82d0f6a1, 7016
45,00,004a,5480,0000,40,11,9c97,82d0f6ab,08080808,90870035003689d315d7010000010000000000010d6665646f726170726f6a656374036f7267000001000100002905c0000000000000, 7016
45,00,003c,aea1,4000,40,06,cbf8,82d0f6ab,26912015,c3040050d464addc00000000a002faf0c0500000020405b40402080a4208c9e80000000001030308, 7016
45,00,0034,aea2,4000,40,06,cbff,82d0f6ab,26912015,c3040050d464addd8c34df1f801000fbc04800000101080a4208ca62fd0427ed, 7016
45,00,0091,aea3,4000,40,06,cba1,82d0f6ab,26912015,c3040050d464addd8c34df1f801800fbc0a500000101080a4208ca62fd0427ed474554202f7374617469632f686f7473706f742e74787420485454502f312e310d0a486f73743a206665646f726170726f6a6563742e6f72670d0a4163636570743a202a2f2a0d0a436f6e6e656374696f6e3a20636c6f73650d0a0d0a, 7016
45,00,0034,aea4,4000,40,06,cbfd,82d0f6ab,26912015,c3040050d464ae3a8c34e0c1801000fbc04800000101080a4208cadcfd042867, 7016
45,00,0034,aea5,4000,40,06,cbfc,82d0f6ab,26912015,c3040050d464ae3a8c34e0c1801100fbc04800000101080a4208cadcfd042867, 7016
45,00,0034,aea6,4000,40,06,cbfb,82d0f6ab,26912015,c3040050d464ae3b8c34e0c2801000fbc04800000101080a4208cadcfd042867, 7016
45,c0,0050,5058,0000,40,01,7104,82d0f6ab,1f0e2007,030db5aa0000000045000034f3ec00003306db461f0e200782d0f6abb7f6004eb9402d81000000008002ffff17790000020405b40103030801010402, 7016
45,00,0050,4121,0000,40,11,aff0,82d0f6ab,08080808,b44e0035003c89d9f25601000001000000000001013702333202313402333107696e2d61646472046172706100000c000100002905c0000000000000, 7016
45,00,0028,0000,4000,40,06,dfd7,82d0f6ab,4017a165,1fd3665800000000e9df368350140000ae490000, 7016
45,00,0053,201c,0000,40,11,d0f2,82d0f6ab,08080808,897b0035003f89dcc5a401000001000000000001033130310331363102323302363407696e2d61646472046172706100000c000100002905c0000000000000, 7016
00,01,0800,0604,0002,bc,24,1156,421682d0,f6abd401,c34c17fc82d0f6a1, 7016
00,01,0800,0604,0001,bc,24,1156,421682d0,f6ab0000,0000000082d0f6a1, 7016
45,40,0028,0000,4000,40,06,cc87,82d0f6ab,c2b431d8,04f2dde600000000be23c9e750140000d6e30000, 7016
45,00,0028,0000,4000,40,06,62ea,82d0f6ab,93b6cab3,0bb9565a0000000080c47d6e5014000077a40000, 7016
00,01,0800,0604,0002,bc,24,1156,421682d0,f6abd401,c34c17fc82d0f6a1, 7016
00,01,0800,0604,0001,bc,24,1156,421682d0,f6ab0000,0000000082d0f6a1, 7016
45,00,0028,0000,4000,40,06,407e,82d0f6ab,4f7c315a,0d3dde0d00000000b024bde8501400005c260000, 7016
45,00,0052,1686,0000,40,11,da89,82d0f6ab,08080808,94ca0035003e89dbaf07010000010000000000010239300234390331323402373907696e2d61646472046172706100000c000100002905c0000000000000, 7016
45,00,0028,0000,4000,40,06,46f8,82d0f6ab,398140db,1fd6b0090000000050f9cff850140000cb260000, 7016
45,00,0053,2a50,0000,40,11,c6be,82d0f6ab,08080808,e4070035003f89dc3c0d01000001000000000001033231390236340331323902353707696e2d61646472046172706100000c000100002905c0000000000000, 7016
45,c0,0044,d634,0000,40,01,92d6,82d0f6ab,039493de,030d0dfc0000000045000028d4310000ef06e6af039493de82d0f6abe9c000531d31cd59000000005002ffffca550000, 7016
45,00,0053,8e41,0000,40,11,62cd,82d0f6ab,08080808,af2c0035003f89dcd78501000001000000000001033232320331343703313438013307696e2d61646472046172706100000c000100002905c0000000000000, 7016
45,c0,0048,d57c,0000,40,01,b970,82d0f6ab,8fc6e1c5,030de819000000004500002c98b700006706d00c8fc6e1c582d0f6ab712103038d6f221e000000006002f8a890c30000020405b4, 7016
45,00,0055,9cc7,0000,40,11,5445,82d0f6ab,08080808,e6ba0035004189de2c28010000010000000000010331393703323235033139380331343307696e2d61646472046172706100000c000100002905c0000000000000, 7016
00,01,0800,0604,0002,bc,24,1156,421682d0,f6abd401,c34c17fc82d0f6a1, 7016
45,00,0028,0000,4000,40,06,8457,82d0f6ab,7b3ac1c2,2601c72100000000777a6dbb5014000026ff0000, 7016
45,00,0054,1e9f,0000,40,11,d26e,82d0f6ab,08080808,e6200035004089dd31d30100000100000000000103313934033139330235380331323307696e2d61646472046172706100000c000100002905c0000000000000, 7016
00,01,0800,0604,0001,bc,24,1156,421682d0,f6ab0000,0000000082d0f6a1, 7016
45,00,0028,0000,4000,40,06,29eb,82d0f6ab,cc4ccb1c,23469b5600000000e261242d50140000d9bf0000, 7016
45,00,0028,0000,4000,40,06,81a7,82d0f6ab,6d69d243,2282387600000000ee7949c850140000636d0000, 7016
45,00,0054,503b,0000,40,11,a0d2,82d0f6ab,08080808,cde50035004089dd443a0100000100000000000102363703323130033130350331303907696e2d61646472046172706100000c000100002905c0000000000000, 7016
45,40,0028,0000,4000,40,06,cc86,82d0f6ab,c2b431d9,21ffdf380000000035ccffd9501400000ae90000, 7016
45,00,004c,17a4,4000,40,11,300f,82d0f6ab,82d0f6a1,af26007b0038f337230008200000000000000000000000000000000000000000000000000000000000000000000000003d07ef53482e82a5, 7016
45,00,0028,0000,4000,40,06,fdf5,82d0f6ab,cf5af403,23285b1800000000c4c3386850140000f7890000, 7016
00,01,0800,0604,0002,bc,24,1156,421682d0,f6abd401,c34c17fc82d0f6a1, 7016
45,00,0028,0000,4000,40,06,4336,82d0f6ab,8fc6ee57,218f665800000000bc6f13885014000060570000, 7016
45,c0,0050,27bb,0000,40,01,b6c0,82d0f6aa,b9f46802,030d988b0000000045000034e41b00002f060c37b9f4680282d0f6aa982f01bb0f2c0723000000008002ffff23650000020405b40103030801010402, 7017
45,00,0053,8852,0000,40,11,68bd,82d0f6aa,08080808,cee40035003f89db150401000001000000000001013203313034033234340331383507696e2d61646472046172706100000c000100002905c0000000000000, 7017
45,00,004d,43cd,0000,40,11,ad48,82d0f6aa,08080808,aa490035003989d5ef5501000001000000000001013801380138013807696e2d61646472046172706100000c000100002905c0000000000000, 7017
45,00,0028,0000,4000,40,06,f6fe,82d0f6aa,b2161840,1cacc34e000000003812d5cc501400007e250000, 7017
45,00,0052,d08f,0000,40,11,2081,82d0f6aa,08080808,c1ef0035003e89da491f010000010000000000010236340232340232320331373807696e2d61646472046172706100000c000100002905c0000000000000, 7017
45,c0,0048,9fc8,0000,40,01,69f6,82d0f6aa,23cbd2f0,030d6d48000000004500002cd4310000f306836323cbd2f082d0f6aade33014d9e5449b1000000006002ffff60690000020405b4, 7017
45,00,0054,99a3,0000,40,11,576b,82d0f6aa,08080808,869d0035004089dc59540100000100000000000103323430033231300332303302333507696e2d61646472046172706100000c000100002905c0000000000000, 7017
00,01,0800,0604,0001,bc,24,1104,584582d0,f6aa0000,0000000082d0f6a1, 7017
45,00,004c,9abe,4000,40,11,acf5,82d0f6aa,82d0f6a1,eb16007b0038f3362300062000000000000000000000000000000000000000000000000000000000000000000000000020c3a892fa75920f, 7017
00,01,0800,0604,0002,bc,24,1104,584582d0,f6aad401,c34c17fc82d0f6a1, 7017
45,00,0028,0000,4000,40,06,fdf7,82d0f6aa,cf5af402,138e5b1800000000e6d9490250140000d4750000, 7017
45,00,0052,2761,0000,40,11,c9af,82d0f6aa,08080808,8b280035003e89da6799010000010000000000010132033234340239300332303707696e2d61646472046172706100000c000100002905c0000000000000, 7017
45,00,0028,0000,4000,40,06,28c3,82d0f6aa,58d23fc0,1851ca950000000022a448165014000050220000, 7017
45,00,0053,8e2b,0000,40,11,62e4,82d0f6aa,08080808,ecea0035003f89dbeb5001000001000000000001033139320236330332313002383807696e2d61646472046172706100000c000100002905c0000000000000, 7017
45,40,0028,0000,4000,40,06,cc88,82d0f6aa,c2b431d8,0a34dde6000000004ed1bcb9501400004e230000, 7017
45,00,0054,9c36,0000,40,11,54d8,82d0f6aa,08080808,a2850035004089dc41bc0100000100000000000103323136023439033138300331393407696e2d61646472046172706100000c000100002905c0000000000000, 7017
45,c0,0058,abd8,0000,40,01,34a8,82d0f6aa,a28e7d5b,030d9686000000004500003cc38b000031062ccca28e7d5b82d0f6aa12320053e9ef5fb600000000a002a564bb150000020405b40402080a68f688fc000000000103030a, 7017
45,00,0054,74fa,0000,40,11,7c14,82d0f6aa,08080808,bf870035004089dc108c0100000100000000000102393103313235033134320331363207696e2d61646472046172706100000c000100002905c0000000000000, 7017
00,01,0800,0604,0001,bc,24,1104,584582d0,f6aa0000,0000000082d0f6a1, 7017
45,00,0028,0000,4000,40,06,29ec,82d0f6aa,cc4ccb1c,114b81e200000000728cf86150140000a0d00000, 7017
45,00,0053,91e3,0000,40,11,5f2c,82d0f6aa,08080808,ed460035003f89dba1e601000001000000000001023238033230330237360332303407696e2d61646472046172706100000c000100002905c0000000000000, 7017
00,01,0800,0604,0002,bc,24,1104,584582d0,f6aad401,c34c17fc82d0f6a1, 7017
00,01,0800,0604,0001,bc,24,1104,584582d0,f6aa0000,0000000082d0f6a1, 7017
45,00,0028,0000,4000,40,06,2373,82d0f6aa,50524d90,2710e6670000000088b9c749501400003af80000, 7017
45,00,0052,ecce,0000,40,11,0442,82d0f6aa,08080808,ae0a0035003e89da1631010000010000000000010331343402373702383202383007696e2d61646472046172706100000c000100002905c0000000000000, 7017
45,c0,0048,b2bf,0000,40,01,1534,82d0f6aa,2d940af3,030daf13000000004500002c98cc0000f2067dfd2d940af382d0f6aa9db700352eaf6e530000000060020401a7340000020405b4, 7017
45,00,0053,6c58,0000,40,11,84b7,82d0f6aa,08080808,d7df0035003f89db041c01000001000000000001033234330231300331343802343507696e2d61646472046172706100000c000100002905c0000000000000, 7017
45,00,0053,6c59,0000,40,11,84b6,82d0f6aa,08080808,d7df0035003f89db041c01000001000000000001033234330231300331343802343507696e2d61646472046172706100000c000100002905c0000000000000, 7017
45,00,0028,0000,4000,40,06,8185,82d0f6aa,6d69d266,07ee63b200000000cc581fde501400009eae0000, 7017
45,00,0028,0000,4000,40,06,29ec,82d0f6aa,cc4ccb1c,04389fb1000000004d297eba501400002f1f0000, 7017
45,00,0028,0000,4000,40,06,a814,82d0f6aa,93b98587,1feace5f00000000ea98b0b15014000093800000, 7017
45,00,0055,e1d3,0000,40,11,0f3a,82d0f6aa,08080808,8fa80035004189dd4d44010000010000000000010331303203323130033130350331303907696e2d61646472046172706100000c000100002905c0000000000000, 7017
45,00,0055,bf1e,0000,40,11,31ef,82d0f6aa,08080808,be6b0035004189dde2b5010000010000000000010331333503313333033138350331343707696e2d61646472046172706100000c000100002905c0000000000000, 7017
45,00,004c,2a4e,4000,40,11,1d66,82d0f6aa,82d0f6a1,a3af007b0038f33623000620000000000000000000000000000000000000000000000000000000000000000000000000443709ecb3692013, 7017
45,00,004c,c7d0,4000,40,11,8063,82d0f6aa,82d0f621,bcd3007b0038f2b623000720000000000000000000000000000000000000000000000000000000000000000000000000aa90226c2c6e6fe5, 7017
45,00,0054,41c9,0000,40,11,af45,82d0f6aa,08080808,83a80035004089dc6a6b0100000100000000000102333303323436033230380331333007696e2d61646472046172706100000c000100002905c0000000000000, 7017
00,01,0800,0604,0001,bc,24,1104,584582d0,f6aa0000,0000000082d0f6a1, 7017
45,10,0028,0000,4000,40,06,2a5c,82d0f6aa,40e25607,07b2665800000000978d246550140000756f0000, 7017
45,00,0051,138b,0000,40,11,dd86,82d0f6aa,08080808,be060035003d89d962b40100000100000000000101370238360332323602363407696e2d61646472046172706100000c000100002905c0000000000000, 7017
45,00,0028,0000,4000,40,06,28c3,82d0f6aa,58d23fc0,1856ca950000000067947e6150140000d4e10000, 7017
45,00,0028,0000,4000,40,06,37ac,82d0f6aa,340f559a,20639998000000008eb08af150140000d90e0000, 7017
45,00,0052,d012,0000,40,11,20fe,82d0f6aa,08080808,a0c70035003e89da617f010000010000000000010331353402383502313502353207696e2d61646472046172706100000c000100002905c0000000000000, 7017
00,01,0800,0604,0002,bc,24,1104,584582d0,f6aad401,c34c17fc82d0f6a1, 7017
45,00,004c,ad9f,4000,40,11,9a14,82d0f6aa,82d0f6a1,d52b007b0038f33623000620000000000000000000000000000000000000000000000000000000000000000000000000d4aad747d32c411b, 7017
00,01,0800,0604,0002,bc,24,1104,584582d0,f6aad401,c34c17fc82d0f6a1, 7017
00,01,0800,0604,0001,bc,24,1104,584582d0,f6aa0000,0000000082d0f6a1, 7017
45,00,0028,0000,4000,40,06,a4aa,82d0f6aa,c4fb57af,0016919200000000e320f7fe50140000ace20000, 7017
45,00,0054,d337,0000,40,11,1dd7,82d0f6aa,08080808,b6700035004089dcf3c50100000100000000000103313735023837033235310331393607696e2d61646472046172706100000c000100002905c0000000000000, 7017
45,00,0028,0000,4000,40,06,f3d6,82d0f6aa,0febbd93,0bb85e6100000000045200b850140000f9b30000, 7017
45,00,0054,b1ec,0000,40,11,3f22,82d0f6aa,08080808,c7b10035004089dc1f430100000100000000000103313437033138390332333502313507696e2d61646472046172706100000c000100002905c0000000000000, 7017
45,00,0028,0000,4000,40,06,babe,82d0f6aa,87ed7ea9,22b99159000000003a0ff1175014000050850000, 7017
45,00,0055,c360,0000,40,11,2dad,82d0f6aa,08080808,92b50035004189dd525c010000010000000000010331363903313236033233370331333507696e2d61646472046172706100000c000100002905c0000000000000, 7017
00,01,0800,0604,0001,bc,24,1104,584582d0,f6aa0000,0000000082d0f6a1, 7017
45,00,0028,0000,4000,40,06,eb1f,82d0f6aa,287cadb9,1d96b2720000000061b2df32501400004f320000, 7017
45,00,0054,bd84,0000,40,11,338a,82d0f6aa,08080808,d2340035004089dc32e00100000100000000000103313835033137330331323402343007696e2d61646472046172706100000c000100002905c0000000000000, 7017
00,01,0800,0604,0002,bc,24,1104,584582d0,f6aad401,c34c17fc82d0f6a1, 7017
45,00,004a,061f,0000,40,11,eaf9,82d0f6aa,08080808,cc6d0035003689d2cfc3010000010000000000010d6665646f726170726f6a656374036f726700001c000100002905c0000000000000, 7017
00,01,0800,0604,0001,bc,24,1104,584582d0,f6aa0000,0000000082d0f6a1, 7017
45,00,0028,0000,4000,40,06,da96,82d0f6aa,86d15fed,146f6658000000009da0779550140000bf990000, 7017
45,00,0054,e866,0000,40,11,08a8,82d0f6aa,08080808,b6890035004089dcdc7a0100000100000000000103323337023935033230390331333407696e2d61646472046172706100000c000100002905c0000000000000, 7017
45,00,004c,524a,4000,40,11,f569,82d0f6aa,82d0f6a1,8d72007b0038f336230006200000000000000000000000000000000000000000000000000000000000000000000000000a745516e7596a93, 7017
45,00,004c,bc21,4000,40,11,8c12,82d0f6aa,82d0f621,804a007b0038f2b6230007200000000000000000000000000000000000000000000000000000000000000000000000006a8e64eafd96326d, 7017
00,01,0800,0604,0002,bc,24,1104,584582d0,f6aad401,c34c17fc82d0f6a1, 7017
45,c0,0044,6494,0000,40,01,c67c,82d0f6aa,12d9c294,030d4bf60000000045000028d4310000ec06abb512d9c29482d0f6aacecd005b159c7c93000000005002ffffffa10000, 7017
45,00,0054,f31b,0000,40,11,fdf2,82d0f6aa,08080808,887e0035004089dc87a90100000100000000000103313438033139340332313702313807696e2d61646472046172706100000c000100002905c0000000000000, 7017
00,01,0800,0604,0001,bc,24,1104,584582d0,f6aa0000,0000000082d0f6a1, 7017
45,60,0028,0000,4000,40,06,d3b3,82d0f6aa,cdd21f6f,0997d142000000001a00801150140000d4280000, 7017
45,00,0054,0f67,0000,40,11,e1a7,82d0f6aa,08080808,a2250035004089dc7d140100000100000000000103313131023331033231300332303507696e2d61646472046172706100000c000100002905c0000000000000, 7017
45,c0,0044,d5e3,0000,40,01,9dcf,82d0f6aa,223d6a8e,030d0354000000004560002851f60000f3066f33223d6a8e82d0f6aab1780015329ea74900000000500204001a270000, 7017
45,00,0053,ef37,0000,40,11,01d8,82d0f6aa,08080808,87530035003f89db84df01000001000000000001033134320331303602363102333407696e2d61646472046172706100000c000100002905c0000000000000, 7017
45,00,0028,0000,4000,40,06,28c5,82d0f6aa,58d23fbe,179fc7bd000000002c08e79950140000aac60000, 7017
45,00,0053,3399,0000,40,11,bd76,82d0f6aa,08080808,9f660035003f89dbc0a001000001000000000001033139300236330332313002383807696e2d61646472046172706100000c000100002905c0000000000000, 7017
00,01,0800,0604,0002,bc,24,1104,584582d0,f6aad401,c34c17fc82d0f6a1, 7017
00,01,0800,0604,0001,bc,24,1104,584582d0,f6aa0000,0000000082d0f6a1, 7017
45,00,0028,0000,4000,40,06,b2e9,82d0f6aa,a45c6a0f,269473ae0000000022745c73501400000ec00000, 7017
45,00,0053,9cd1,0000,40,11,543e,82d0f6aa,08080808,c03a0035003f89db581c01000001000000000001023135033130360239320331363407696e2d61646472046172706100000c000100002905c0000000000000, 7017
45,00,0028,0000,4000,40,06,cf1a,82d0f6aa,a2135027,07aa88a9000000001c9c09fd501400008d2e0000, 7017
45,00,004c,ee38,4000,40,11,597b,82d0f6aa,82d0f6a1,dcf3007b0038f33623000620000000000000000000000000000000000000000000000000000000000000000000000000c73f05c6108075ca, 7017
45,00,0052,669b,0000,40,11,8a75,82d0f6aa,08080808,a2a70035003e89da2879010000010000000000010233390238300231390331363207696e2d61646472046172706100000c000100002905c0000000000000, 7017
45,00,004a,2240,0000,40,11,ced8,82d0f6aa,08080808,e09f0035003689d2e83e010000010000000000010d6665646f726170726f6a656374036f7267000001000100002905c0000000000000, 7017
45,00,003c,913c,4000,40,06,5a8c,82d0f6aa,129cc2dc,e72e00501864fc2600000000a002faf04f220000020405b40402080ac8c7c8920000000001030307, 7017
45,00,0034,913d,4000,40,06,5a93,82d0f6aa,129cc2dc,e72e00501864fc27bc4a9d93801001f64f1a00000101080ac8c7c8c1abc40fae, 7017
45,00,0091,913e,4000,40,06,5a35,82d0f6aa,129cc2dc,e72e00501864fc27bc4a9d93801801f64f7700000101080ac8c7c8c1abc40fae474554202f7374617469632f686f7473706f742e74787420485454502f312e310d0a486f73743a206665646f726170726f6a6563742e6f72670d0a4163636570743a202a2f2a0d0a436f6e6e656374696f6e3a20636c6f73650d0a0d0a, 7017
45,00,0034,913f,4000,40,06,5a91,82d0f6aa,129cc2dc,e72e00501864fc84bc4a9f30801001f54f1a00000101080ac8c7c8f0abc40fde, 7017
45,00,0034,9140,4000,40,06,5a90,82d0f6aa,129cc2dc,e72e00501864fc84bc4a9f30801101f54f1a00000101080ac8c7c8f0abc40fde, 7017
45,00,0034,9141,4000,40,06,5a8f,82d0f6aa,129cc2dc,e72e00501864fc85bc4a9f31801001f54f1a00000101080ac8c7c8f0abc40fde, 7017
45,00,0054,1af1,0000,40,11,d61d,82d0f6aa,08080808,e7180035004089dcf0cf0100000100000000000103323230033139340331353602313807696e2d61646472046172706100000c000100002905c0000000000000, 7017
45,00,0028,0000,4000,40,06,9e13,82d0f6aa,acca7677,1fccbfeb00000000099b057550140000244c0000, 7017
45,00,0055,49db,0000,40,11,a732,82d0f6aa,08080808,c43c0035004189dd93be010000010000000000010331313903313138033230320331373207696e2d61646472046172706100000c000100002905c0000000000000, 7017
45,00,0028,0000,4000,40,06,fde5,82d0f6aa,cf5af414,0ddc6658000000000dfe9e1550140000529e0000, 7017
45,00,0053,cd98,0000,40,11,2377,82d0f6aa,08080808,ea9d0035003f89dbc94201000001000000000001023230033234340239300332303707696e2d61646472046172706100000c000100002905c0000000000000, 7017
00,01,0800,0604,0002,bc,24,1104,584582d0,f6aad401,c34c17fc82d0f6a1, 7017
45,60,0028,0000,4000,40,06,d334,82d0f6aa,cdd21fee,0fb8d65c00000000195fbbfb501400008d250000, 7017
45,00,0054,39d1,0000,40,11,b73d,82d0f6aa,08080808,ea3a0035004089dc3f580100000100000000000103323338023331033231300332303507696e2d61646472046172706100000c000100002905c0000000000000, 7017
45,00,0028,0000,4000,40,06,111d,82d0f6aa,5b8654b2,06c2d579000000008910e5ca501400003b060000, 7017
45,00,0053,d6b9,0000,40,11,1a56,82d0f6aa,08080808,a8420035003f89dba74601000001000000000001033137380238340331333402393107696e2d61646472046172706100000c000100002905c0000000000000, 7017
00,01,0800,0604,0001,bc,24,1104,584582d0,f6aa0000,0000000082d0f6a1, 7017
45,00,0028,0000,4000,40,06,6cab,82d0f6aa,d1268383,0bea3d58000000002f79802e50140000e8c10000, 7017
45,00,0054,3d5d,0000,40,11,b3b1,82d0f6aa,08080808,c1d90035004089dcb6af0100000100000000000103313331033133310233380332303907696e2d61646472046172706100000c000100002905c0000000000000, 7017
45,00,004c,c286,4000,40,11,852d,82d0f6aa,82d0f6a1,930b007b0038f336230006200000000000000000000000000000000000000000000000000000000000000000000000009471ae3419b9e5ff, 7017
00,01,0800,0604,0002,bc,24,1104,584582d0,f6aad401,c34c17fc82d0f6a1, 7017
45,00,004c,3717,4000,40,11,111d,82d0f6aa,82d0f621,b47b007b0038f2b623000720000000000000000000000000000000000000000000000000000000000000000000000000ddbdcfe3e0b092c6, 7017
00,01,0800,0604,0001,bc,24,1104,584582d0,f6aa0000,0000000082d0f6a1, 7017
45,10,0028,0000,4000,40,06,23d2,82d0f6aa,50524d21,24ca6435000000000b2b7faa50140000850d0000, 7017
45,00,0051,9298,0000,40,11,5e79,82d0f6aa,08080808,d6a60035003d89d932090100000100000000000102333302373702383202383007696e2d61646472046172706100000c000100002905c0000000000000, 7017
45,20,0028,0000,4000,40,06,aca0,82d0f6aa,5e4ab64a,1f91896000000000b39f71165014000054190000, 7017
45,00,0052,4720,0000,40,11,a9f0,82d0f6aa,08080808,b38c0035003e89dacf34010000010000000000010237340331383202373402393407696e2d61646472046172706100000c000100002905c0000000000000, 7017
45,40,0028,0000,4000,40,06,cc88,82d0f6aa,c2b431d8,04badde600000000254673b350140000c62e0000, 7017
45,00,0028,0000,4000,40,06,29ec,82d0f6aa,cc4ccb1c,26c2970400000000315e489950140000672e0000, 7017
00,01,0800,0604,0001,bc,24,1104,584582d0,f6aa0000,0000000082d0f6a1, 7017
45,00,0028,0000,4000,40,06,e1b9,82d0f6aa,c6eb18b0,170ecc4800000000414cbce850140000752e0000, 7017
45,00,0054,0e73,0000,40,11,e29b,82d0f6aa,08080808,9a390035004089dcb0590100000100000000000103313736023234033233350331393807696e2d61646472046172706100000c000100002905c0000000000000, 7017
00,01,0800,0604,0002,bc,24,1104,584582d0,f6aad401,c34c17fc82d0f6a1, 7017
45,00,0028,0000,4000,40,06,d022,82d0f6aa,cea8228a,252bd93600000000e2648a5c50140000d9ff0000, 7017
45,c0,0048,10e8,0000,40,01,b5d4,82d0f6aa,a2d896e5,030db04a000000004560002c88e40000f3068b4ea2d896e582d0f6aad470022e3e157c6000000000600204004fd90000020405b4, 7017
45,00,0054,3023,0000,40,11,c0eb,82d0f6aa,08080808,d4190035004089dc42a70100000100000000000103313338023334033136380332303607696e2d61646472046172706100000c000100002905c0000000000000, 7017
45,00,0055,087c,0000,40,11,e891,82d0f6aa,08080808,8af60035004189dd4c6b010000010000000000010332323903313530033231360331363207696e2d61646472046172706100000c000100002905c0000000000000, 7017
45,00,004c,f836,4000,40,11,4f7d,82d0f6aa,82d0f6a1,b025007b0038f3362300062000000000000000000000000000000000000000000000000000000000000000000000000002632805357c7627, 7017
45,00,0028,0000,4000,40,06,fdee,82d0f6aa,cf5af40b,1dd25f54000000006abeca4750140000c0c20000, 7017
45,00,0053,b295,0000,40,11,3e7a,82d0f6aa,08080808,81770035003f89dba12f01000001000000000001023131033234340239300332303707696e2d61646472046172706100000c000100002905c0000000000000, 7017
00,01,0800,0604,0001,bc,24,1104,584582d0,f6aa0000,0000000082d0f6a1, 7017
45,00,0028,0000,4000,40,06,c9a8,82d0f6aa,23cbd3e1,0783cde800000000437b2af950140000fac80000, 7017
45,00,0054,b358,0000,40,11,3db6,82d0f6aa,08080808,a27f0035004089dc7a220100000100000000000103323235033231310332303302333507696e2d61646472046172706100000c000100002905c0000000000000, 7017
45,00,0028,0000,4000,40,06,29ec,82d0f6aa,cc4ccb1c,0c32b710000000009da63f4150140000fec10000, 7017
45,00,0028,0000,4000,40,06,a58b,82d0f6aa,9f597c70,0ce5665800000000e36731265014000092c00000, 7017
45,00,0054,65ea,0000,40,11,8b24,82d0f6aa,08080808,c9260035004089dc18020100000100000000000103313132033132340238390331353907696e2d61646472046172706100000c000100002905c0000000000000, 7017
00,01,0800,0604,0002,bc,24,1104,584582d0,f6aad401,c34c17fc82d0f6a1, 7017
00,01,0800,0604,0001,bc,24,1104,584582d0,f6aa0000,0000000082d0f6a1, 7017
45,00,004c,dcdf,4000,40,11,6ad4,82d0f6aa,82d0f6a1,9b33007b0038f33623000620000000000000000000000000000000000000000000000000000000000000000000000000d48c0a2761ae7779, 7017
45,00,0028,0000,4000,40,06,407f,82d0f6aa,4f7c315a,0ceed9480000000089a807c8501400003dd80000, 7017
45,00,0028,0000,4000,40,06,a4aa,82d0f6aa,c4fb57af,0016d44800000000c699043b501400007a770000, 7017
45,00,0052,8d97,0000,40,11,6379,82d0f6aa,08080808,99420035003e89da5cc0010000010000000000010239300234390331323402373907696e2d61646472046172706100000c000100002905c0000000000000, 7017
45,00,004c,b4d1,4000,40,11,9362,82d0f6aa,82d0f621,d1a1007b0038f2b623000720000000000000000000000000000000000000000000000000000000000000000000000000a9ffa75295a3dbb8, 7017
45,00,0028,0000,4000,40,06,8bc4,82d0f6aa,8b3baa55,24b65b1800000000f82462c95014000026080000, 7017
45,00,0053,040e,0000,40,11,ed01,82d0f6aa,08080808,da320035003f89db8f9b01000001000000000001023835033137300235390331333907696e2d61646472046172706100000c000100002905c0000000000000, 7017
45,00,0028,0000,4000,40,06,0057,82d0f6aa,4e80727e,0521e64100000000074a2e615014000054490000, 7017
45,00,0054,b0a3,0000,40,11,406b,82d0f6aa,08080808,a1e50035004089dc062e0100000100000000000103313236033131340331323802373807696e2d61646472046172706100000c000100002905c0000000000000, 7017
00,01,0800,0604,0001,bc,24,1104,584582d0,f6aa0000,0000000082d0f6a1, 7017
45,00,0028,0000,4000,40,06,9f43,82d0f6aa,5c3fc5d2,1e5de3200000000092c3f7015014000089000000, 7017
45,00,0053,4d45,0000,40,11,a3ca,82d0f6aa,08080808,b1e90035003f89db023801000001000000000001033231300331393702363302393207696e2d61646472046172706100000c000100002905c0000000000000, 7017
00,01,0800,0604,0002,bc,24,1104,584582d0,f6aad401,c34c17fc82d0f6a1, 7017
45,00,004a,2647,0000,40,11,cad1,82d0f6aa,08080808,8c670035003689d26087010000010000000000010d6665646f726170726f6a656374036f726700001c000100002905c0000000000000, 7017
45,00,0028,0000,4000,40,06,922d,82d0f6aa,9fdf8f48,226abf73000000007c1664475014000044f20000, 7017
45,00,0054,c856,0000,40,11,28b8,82d0f6aa,08080808,da060035004089dc6ec10100000100000000000102373203313433033232330331353907696e2d61646472046172706100000c000100002905c0000000000000, 7017
45,00,0028,0000,4000,40,06,823f,82d0f6aa,1f0e2008,0d49d0fa000000001f901a5650140000df150000, 7017
45,00,0050,6f45,0000,40,11,81cd,82d0f6aa,08080808,c8770035003c89d88e0701000001000000000001013802333202313402333107696e2d61646472046172706100000c000100002905c0000000000000, 7017
45,00,0028,0000,4000,40,06,8a3e,82d0f6aa,c4fb721b,0ceab0b500000000e88fed15501400006bf90000, 7017
45,00,0054,3f13,0000,40,11,b1fb,82d0f6aa,08080808,aa990035004089dcb09e0100000100000000000102323703313134033235310331393607696e2d61646472046172706100000c000100002905c0000000000000, 7017
45,00,0055,668e,0000,40,11,8a7f,82d0f6aa,08080808,c2230035004189dd4380010000010000000000010331373003323436033230380331333007696e2d61646472046172706100000c000100002905c0000000000000, 7017
45,40,0028,0000,4000,40,06,cc87,82d0f6aa,c2b431d9,1c4cdf38000000000b1c435a50140000f7cc0000, 7017
45,00,0054,509e,0000,40,11,a070,82d0f6aa,08080808,86de0035004089dce01b0100000100000000000103323137023439033138300331393407696e2d61646472046172706100000c000100002905c0000000000000, 7017
00,01,0800,0604,0001,bc,24,1104,584582d0,f6aa0000,0000000082d0f6a1, 7017
45,00,004c,8f7a,4000,40,11,b839,82d0f6aa,82d0f6a1,a54e007b0038f33623000620000000000000000000000000000000000000000000000000000000000000000000000000a2f91c8d1aff7df4, 7017
45,00,0028,0000,4000,40,06,fdf6,82d0f6aa,cf5af403,20082bb300000000ff8b797150140000ae3e0000, 7017
45,00,0052,9116,0000,40,11,5ffa,82d0f6aa,08080808,b6a60035003e89da5651010000010000000000010133033234340239300332303707696e2d61646472046172706100000c000100002905c0000000000000, 7017
00,01,0800,0604,0002,bc,24,1104,584582d0,f6aad401,c34c17fc82d0f6a1, 7017
45,00,0028,0000,4000,40,06,d2a5,82d0f6aa,2d8ec121,0cdea06400000000ce41fba250140000d07e0000, 7017
45,00,0053,72e5,0000,40,11,7e2a,82d0f6aa,08080808,841b0035003f89db72f901000001000000000001023333033139330331343202343507696e2d61646472046172706100000c000100002905c0000000000000, 7017
45,00,0028,0000,4000,40,06,aad1,82d0f6aa,c4fb5188,044cdafc00000000bb8eda4850140000aab10000, 7017
45,00,0054,6105,0000,40,11,9009,82d0f6aa,08080808,aa540035004089dcb8650100000100000000000103313336023831033235310331393607696e2d61646472046172706100000c000100002905c0000000000000, 7017
45,00,0028,0000,4000,40,06,fdf7,82d0f6aa,cf5af402,07aa78520000000093c5a27350140000bcc20000, 7017
45,40,0028,0000,4000,40,06,cc87,82d0f6aa,c2b431d9,1b73df380000000007244da650140000f2510000, 7017
45,60,0028,0000,4000,40,06,e1b7,82d0f6aa,c6eb1852,1715c646000000005fc94fd150140000ca210000, 7017
45,00,0053,e6c8,0000,40,11,0a47,82d0f6aa,08080808,e9430035003f89dbfbeb01000001000000000001023832023234033233350331393807696e2d61646472046172706100000c000100002905c0000000000000, 7017
00,01,0800,0604,0001,bc,24,1104,584582d0,f6aa0000,0000000082d0f6a1, 7017
45,c0,0058,398b,0000,40,01,4062,82d0f6aa,b7eece8e,030dfd190000000045e0003cfb0740002a0654dcb7eece8e82d0f6aa9ca200172ad756f400000000a00216d05f2a0000020405b40402080a059badf30000000001030301, 7017
45,00,0055,c52f,0000,40,11,2bde,82d0f6aa,08080808,afcc0035004189dd2065010000010000000000010331343203323036033233380331383307696e2d61646472046172706100000c000100002905c0000000000000, 7017
00,01,0800,0604,0002,bc,24,1104,584582d0,f6aad401,c34c17fc82d0f6a1, 7017
45,00,0130,cc89,4000,40,11,7a46,82d0f6aa,82d0f6a1,00440043011cf41a01010600d223d5a90001000082d0f6aa000000000000000000000000bc241104584500000000000000000000000000000000000000000000000000000000000000000000000000000000000000000000000000000000000000000000000000000000000000000000000000000000000000000000000000000000000000000000000000000000000000000000000000000000000000000000000000000000000000000000000000000000000000000000000000000000000000000000000000000000000000000000000000000000000000000000000000000000000000000000000000000000000000000000638253633501033d0701bc241104584537110102060c0f1a1c79032128292a77f9fc113902ffffff, 7017
45,00,004a,180a,0000,40,11,d90e,82d0f6aa,08080808,925a0035003689d2eaa8010000010000000000010d6665646f726170726f6a656374036f7267000001000100002905c0000000000000, 7017
45,00,003c,aca9,4000,40,06,cdf2,82d0f6aa,26912014,df780050413a9a4200000000a002faf0c04e0000020405b40402080a58d3e7880000000001030307, 7017
45,00,0034,acaa,4000,40,06,cdf9,82d0f6aa,26912014,df780050413a9a43ad8631e8801001f6c04600000101080a58d3e801e92a8cf1, 7017
45,00,0091,acab,4000,40,06,cd9b,82d0f6aa,26912014,df780050413a9a43ad8631e8801801f6c0a300000101080a58d3e801e92a8cf1474554202f7374617469632f686f7473706f742e74787420485454502f312e310d0a486f73743a206665646f726170726f6a6563742e6f72670d0a4163636570743a202a2f2a0d0a436f6e6e656374696f6e3a20636c6f73650d0a0d0a, 7017
45,00,0034,acac,4000,40,06,cdf7,82d0f6aa,26912014,df780050413a9aa0ad86338a801001f5c04600000101080a58d3e87ce92a8d6c, 7017
45,00,0034,acad,4000,40,06,cdf6,82d0f6aa,26912014,df780050413a9aa0ad86338a801101f5c04600000101080a58d3e87ce92a8d6c, 7017
45,00,0034,acae,4000,40,06,cdf5,82d0f6aa,26912014,df780050413a9aa1ad86338b801001f5c04600000101080a58d3e87ce92a8d6c, 7017
45,00,0052,68df,0000,40,11,8831,82d0f6aa,08080808,e7880035003e89daf2eb010000010000000000010232300233320331343502333807696e2d61646472046172706100000c000100002905c0000000000000, 7017
45,00,0028,0000,4000,40,06,fddf,82d0f6aa,cf5af41a,227f66580000000024f9c70550140000fe090000, 7017
45,00,0053,3cbd,0000,40,11,b452,82d0f6aa,08080808,e5140035003f89db755e01000001000000000001023236033234340239300332303707696e2d61646472046172706100000c000100002905c0000000000000, 7017
45,00,004c,839e,4000,40,11,c415,82d0f6aa,82d0f6a1,d21a007b0038f33623000620000000000000000000000000000000000000000000000000000000000000000000000000c44b0ce454a97a7b, 7017
45,00,004c,6fca,4000,40,11,d869,82d0f6aa,82d0f621,b2b3007b0038f2b62300072000000000000000000000000000000000000000000000000000000000000000000000000057399c6f428af315, 7017
45,00,0028,0000,4000,40,06,1765,82d0f6aa,89b82038,21676658000000008e9223a05014000052730000, 7017
45,00,0053,bb25,0000,40,11,35ea,82d0f6aa,08080808,9b590035003f89dbaaa501000001000000000001023536023332033138340331333707696e2d61646472046172706100000c000100002905c0000000000000, 7017
00,01,0800,0604,0002,bc,24,1104,584582d0,f6aad401,c34c17fc82d0f6a1, 7017
45,00,0028,0000,4000,40,06,6bf5,82d0f6aa,c18e93d1,15b3e47a00000000a335569250140000ecff0000, 7017
45,00,0055,fb09,0000,40,11,f603,82d0f6aa,08080808,c94d0035004189ddbbbd010000010000000000010332303903313437033134320331393307696e2d61646472046172706100000c000100002905c0000000000000, 7017
00,01,0800,0604,0001,bc,24,1104,584582d0,f6aa0000,0000000082d0f6a1, 7017
45,00,004c,4439,4000,40,11,037b,82d0f6aa,82d0f6a1,c44f007b0038f336230006200000000000000000000000000000000000000000000000000000000000000000000000002fffca14af5454cb, 7017
45,00,0028,0000,4000,40,06,10c5,82d0f6aa,c318ed77,23f0b0e500000000835f61ae50140000cbe10000, 7017
45,00,0054,6e43,0000,40,11,82cb,82d0f6aa,08080808,bfcb0035004089dc08710100000100000000000103313139033233370232340331393507696e2d61646472046172706100000c000100002905c0000000000000, 7017
00,01,0800,0604,0002,bc,24,1104,584582d0,f6aad401,c34c17fc82d0f6a1, 7017
45,60,0028,0000,4000,40,06,d386,82d0f6aa,cdd21f9c,0fbadb19000000005c768729501400007a730000, 7017
45,00,0028,0000,4000,40,06,5c81,82d0f6aa,5b86094e,21d7846900000000d71dc3345014000090ee0000, 7017
45,00,0054,d18d,0000,40,11,1f81,82d0f6aa,08080808,b9d90035004089dc98cf0100000100000000000103313536023331033231300332303507696e2d61646472046172706100000c000100002905c0000000000000, 7017
45,00,0051,b916,0000,40,11,37fb,82d0f6aa,08080808,8a4c0035003d89d9fcee0100000100000000000102373801390331333402393107696e2d61646472046172706100000c000100002905c0000000000000, 7017
00,01,0800,0604,0001,bc,24,1104,584582d0,f6aa0000,0000000082d0f6a1, 7017
45,60,0028,0000,4000,40,06,e1c4,82d0f6aa,c6eb1845,22b3c1f600000000b6bf11e250140000a9d90000, 7017
45,00,0053,9ced,0000,40,11,5422,82d0f6aa,08080808,ce800035003f89db10f301000001000000000001023639023234033233350331393807696e2d61646472046172706100000c000100002905c0000000000000, 7017
45,c0,0044,46a3,0000,40,01,21b3,82d0f6aa,cc4ccbdb,030d0eb10000000045000028d4310000ef06e5facc4ccbdb82d0f6aaca030055d1db2a25000000005002ffffd7e50000, 7017
45,00,0028,0000,4000,40,06,3942,82d0f6aa,362551ee,221bae3d00000000df32232350140000db930000, 7017
45,00,0054,1c30,0000,40,11,d4de,82d0f6aa,08080808,b8b30035004089dc91ba0100000100000000000103323139033230330237360332303407696e2d61646472046172706100000c000100002905c0000000000000, 7017
45,00,0052,ecab,0000,40,11,0465,82d0f6aa,08080808,8d010035003e89da6e4a010000010000000000010332333802383102333702353407696e2d61646472046172706100000c000100002905c0000000000000, 7017
45,40,0028,0000,4000,40,06,cc88,82d0f6aa,c2b431d8,049ddde600000000f21b38725014000034b70000, 7017
45,c0,0048,5068,0000,40,01,7082,82d0f6aa,c1a37dec,030db61c000000004500002c11830000eb06053ec1a37dec82d0f6aad86003e3e47034a40000000060023908b0ba0000020405b4, 7017
45,00,0055,aa51,0000,40,11,46bc,82d0f6aa,08080808,b98d0035004189ddd936010000010000000000010332333603313235033136330331393307696e2d61646472046172706100000c000100002905c0000000000000, 7017
00,01,0800,0604,0002,bc,24,1104,584582d0,f6aad401,c34c17fc82d0f6a1, 7017
45,c0,0050,8078,0000,40,01,91e8,82d0f6aa,34bcb955,030d64a60000000045000034b3840000290676b334bcb95582d0f6aa8f3d001aa9c47f51000000008002ffff4f2a0000020405a00103030801010402, 7017
45,00,0053,d4a7,0000,40,11,1c68,82d0f6aa,08080808,acaf0035003f89dbb15201000001000000000001023835033138350331383802353207696e2d61646472046172706100000c000100002905c0000000000000, 7017
45,c0,0048,83c0,0000,40,01,fe9b,82d0f6aa,8fc6ee57,030df4aa000000004500002cc5910000650698a18fc6ee5782d0f6aa7c3a03e16c84bba60000000060020cd7eb6f0000020405b4, 7017
45,00,0054,0a2f,0000,40,11,e6df,82d0f6aa,08080808,b2010035004089dc71d80100000100000000000102383703323338033139380331343307696e2d61646472046172706100000c000100002905c0000000000000, 7017
45,00,004c,ebcc,4000,40,11,5c67,82d0f6aa,82d0f621,ac7a007b0038f2b623000720000000000000000000000000000000000000000000000000000000000000000000000000f4f56e21e0d45438, 7017
00,01,0800,0604,0001,bc,24,1104,584582d0,f6aa0000,0000000082d0f6a1, 7017
45,00,0028,0000,4000,40,06,a4aa,82d0f6aa,c4fb57af,0016e75a000000001a6679f8501400009ddb0000, 7017
45,00,0028,0000,4000,40,06,fdec,82d0f6aa,cf5af40d,0d3d410f00000000e11c4a8750140000f8fc0000, 7017
45,00,0053,d6b8,0000,40,11,1a57,82d0f6aa,08080808,ac190035003f89dbc1b701000001000000000001023133033234340239300332303707696e2d61646472046172706100000c000100002905c0000000000000, 7017
45,00,0028,0000,4000,40,06,be02,82d0f6aa,b99c49b6,1b34a68800000000c6fa172c50140000931f0000, 7017
45,00,0054,221f,0000,40,11,ceef,82d0f6aa,08080808,a5800035004089dcb4420100000100000000000103313832023733033135360331383507696e2d61646472046172706100000c000100002905c0000000000000, 7017
45,00,0028,0000,4000,40,06,28c2,82d0f6aa,58d23fc1,18cdc7710000000061cc3d41501400001e760000, 7017
45,00,0053,2b67,0000,40,11,c5a8,82d0f6aa,08080808,b4f90035003f89db1b4b01000001000000000001033139330236330332313002383807696e2d61646472046172706100000c000100002905c0000000000000, 7017
00,01,0800,0604,0002,bc,24,1104,584582d0,f6aad401,c34c17fc82d0f6a1, 7017
45,00,0028,0000,4000,40,06,1be9,82d0f6aa,5b8649e6,1838a90a000000002be0e52850140000be9d0000, 7017
45,00,0053,1dd7,0000,40,11,d338,82d0f6aa,08080808,c6270035003f89dbfd5401000001000000000001033233300237330331333402393107696e2d61646472046172706100000c000100002905c0000000000000, 7017
45,c0,0048,afe7,0000,40,01,63a6,82d0f6aa,cdd21f1a,030d6379000000004560002cd4310000f3068cd2cdd21f1a82d0f6aad628008f3ff7fd2a000000006002ffff1de50000020405b4, 7017
45,00,0053,2e62,0000,40,11,c2ad,82d0f6aa,08080808,8e4a0035003f89db47c701000001000000000001023236023331033231300332303507696e2d61646472046172706100000c000100002905c0000000000000, 7017
45,00,004c,e815,4000,40,11,5f9e,82d0f6aa,82d0f6a1,c58a007b0038f336230007200000000000000000000000000000000000000000000000000000000000000000000000008bdf3cb20d3d9814, 7017
45,00,004a,1117,0000,40,11,e001,82d0f6aa,08080808,97640035003689d2ec5a010000010000000000010d6665646f726170726f6a656374036f726700001c000100002905c0000000000000, 7017
00,01,0800,0604,0001,bc,24,1104,584582d0,f6aa0000,0000000082d0f6a1, 7017
45,00,0028,0000,4000,40,06,fde5,82d0f6aa,cf5af414,1487665800000000f6fe7a155014000086f20000, 7017
00,01,0800,0604,0002,bc,24,1104,584582d0,f6aad401,c34c17fc82d0f6a1, 7017
45,c0,0044,4239,0000,40,01,5037,82d0f6aa,340e3a00,030de4960000000045000028d4310000ee061115340e3a0082d0f6aad30b00193d983d56000000005002ffff7a460000, 7017
45,00,0050,9096,0000,40,11,607c,82d0f6aa,08080808,8c080035003c89d8c78a01000001000000000001013002353802313402353207696e2d61646472046172706100000c000100002905c0000000000000, 7017
45,20,0028,0000,4000,40,06,ac43,82d0f6aa,5e4ab6a7,15b3ebe700000000378023bd50140000c48b0000, 7017
45,00,0053,2588,0000,40,11,cb87,82d0f6aa,08080808,af7e0035003f89db65d301000001000000000001033136370331383202373402393407696e2d61646472046172706100000c000100002905c0000000000000, 7017
00,01,0800,0604,0002,bc,24,1104,584582d0,f6aad401,c34c17fc82d0f6a1, 7017
00,01,0800,0604,0001,bc,24,1104,584582d0,f6aa0000,0000000082d0f6a1, 7017
45,00,0028,0000,4000,40,06,c824,82d0f6aa,9f5959d7,1fb694d40000000032cefc8d50140000593e0000, 7017
45,00,0053,8d76,0000,40,11,6399,82d0f6aa,08080808,e7c40035003f89dbd18901000001000000000001033231350238390238390331353907696e2d61646472046172706100000c000100002905c0000000000000, 7017
45,00,0028,0000,4000,40,06,ac0a,82d0f6aa,c4fb504f,0c32cb83000000004202f7b1501400000fa10000, 7017
45,00,0053,1589,0000,40,11,db86,82d0f6aa,08080808,a9ea0035003f89dbba9e01000001000000000001023739023830033235310331393607696e2d61646472046172706100000c000100002905c0000000000000, 7017
45,00,004c,d1b5,4000,40,11,767e,82d0f6aa,82d0f621,8d58007b0038f2b6230007200000000000000000000000000000000000000000000000000000000000000000000000000a333f8f6173db32, 7017

